id,pIC50_mean,pIC50_median,smiles,pic50,assay_desc,assay_chembl_id,target_chembl_id,standard_value,standard_units,standard_type,human_agonists,pIC50
CHEMBL1358,5.709965388637482,5.709965388637482,C[C@]12CC[C@@H]3c4ccc(O)cc4C[C@@H](CCCCCCCCC[S+]([O-])CCCC(F)(F)C(F)(F)F)[C@H]3[C@@H]1CC[C@@H]2O,5.71,Agonist activity at PXR (unknown origin) expressed in human HepG2 cells assessed as induction of CYP3A4 transactivation after 16 hrs by luciferase reporter gene assay,CHEMBL2399371,CHEMBL3401,1950.0,nM,EC50,True,5.709965388637482
CHEMBL1428,6.4089353929735005,6.4089353929735005,COCCOC(=O)C1=C(C)NC(C)=C(C(=O)OC(C)C)C1c1cccc([N+](=O)[O-])c1,6.41,Agonist activity at PXR (unknown origin) expressed in human HepG2 cells assessed as induction of CYP3A4 transactivation after 16 hrs by luciferase reporter gene assay,CHEMBL2399371,CHEMBL3401,390.0,nM,EC50,True,6.4089353929735005
CHEMBL1445606,6.070581074285707,6.070581074285707,Cc1ccc(SC(=O)c2c(C)noc2-c2cc(C)on2)cc1,6.07,Antagonist activity at PXR (unknown origin) transfected in human HepG2 cells assessed as inhibition of rifampicin-induced reporter gene transcription,CHEMBL3295049,CHEMBL3401,850.0,nM,IC50,True,6.070581074285707
CHEMBL1617,5.3979400086720375,5.3979400086720375,CO[C@H]1/C=C/O[C@@]2(C)Oc3c(C)c(O)c4c(O)c(c5c(nc6cc(C)ccn65)c4c3C2=O)NC(=O)/C(C)=C\C=C\[C@H](C)[C@H](O)[C@@H](C)[C@@H](O)[C@@H](C)[C@H](OC(C)=O)[C@@H]1C,5.4,Agonist activity at human full-length PXR transfected in human HepG2 cells co-transfected with pSG5-RXR assessed as induction of transactivation by dual-luciferase reporter gene assay,CHEMBL3123846,CHEMBL3401,4000.0,nM,EC50,True,5.3979400086720375
CHEMBL2028663,7.086186147616283,7.086186147616283,CC(C)(C)c1nc(-c2cccc(NS(=O)(=O)c3c(F)cccc3F)c2F)c(-c2ccnc(N)n2)s1,7.09,Agonist activity at human Pregnane X receptor,CHEMBL5580752,CHEMBL3401,82.0,nM,EC50,True,7.086186147616283
CHEMBL2107430,5.214670164989233,5.214670164989233,Fc1ccc(C(c2ccccc2)(c2ccccc2F)n2ccnc2)cc1,5.21,Agonist activity at PXR (unknown origin) expressed in human HepG2 cells assessed as induction of CYP3A4 transactivation after 16 hrs by luciferase reporter gene assay,CHEMBL2399371,CHEMBL3401,6100.0,nM,EC50,True,5.214670164989233
CHEMBL2326845,7.4089353929735005,7.4089353929735005,CCN(c1ccc(C(O)(C(F)(F)F)C(F)(F)F)cc1)S(=O)(=O)c1ccccc1,7.41,Agonist activity at GAL4-fused human PXR expressed in HEK293T cells assessed as activation of basal transcriptional activity after 20 hrs by dual-glo luciferase reporter gene assay,CHEMBL3097478,CHEMBL3401,39.0,nM,EC50,True,7.4089353929735005
CHEMBL282489,5.0655015487564325,5.0655015487564325,CC[C@@H]1Cc2cc(O)ccc2C2=C1c1ccc(O)cc1C[C@H]2CC,5.07,Agonist activity at PXR (unknown origin) expressed in human HepG2 cells assessed as induction of CYP3A4 transactivation after 16 hrs by luciferase reporter gene assay,CHEMBL2399371,CHEMBL3401,8600.0,nM,EC50,True,5.0655015487564325
CHEMBL306764,5.578396073130169,5.578396073130169,CCCn1c(C)c(C(=O)c2cccc3ccccc23)c2ccccc21,5.58,Agonist activity at PXR (unknown origin) expressed in human HepG2 cells assessed as induction of CYP3A4 transactivation after 16 hrs by luciferase reporter gene assay,CHEMBL2399371,CHEMBL3401,2640.0,nM,EC50,True,5.578396073130169
CHEMBL30707,4.920818753952375,4.920818753952375,O=c1oc2cc(O)ccc2c2oc3cc(O)ccc3c12,4.92,Antagonist activity at human PXR transfected in African green monkey CV1 cells assessed as inhibition of SR12813-induced transactivation after 24 hrs by luciferase reporter gene assay,CHEMBL3294824,CHEMBL3401,12000.0,nM,IC50,True,4.920818753952375
CHEMBL3086045,4.823908740944319,4.823908740944319,Cc1ccccc1[C@H]1C[C@@H](NCc2ccc(Cl)cc2)CC[C@@H]1C(=O)N1CC(c2ccccc2)(c2ccccc2)C1,,Agonist activity at human PXR,CHEMBL3090535,CHEMBL3401,15000.0,nM,EC50,True,4.823908740944319
CHEMBL3094367,6.243363891754152,6.243363891754152,N#Cc1ccc(S(=O)(=O)N(CC(F)(F)F)c2ccc(C(O)(C(F)(F)F)C(F)(F)F)cc2)cc1,6.24,Agonist activity at GAL4-fused human PXR expressed in HEK293T cells assessed as activation of basal transcriptional activity after 20 hrs by dual-glo luciferase reporter gene assay,CHEMBL3097478,CHEMBL3401,571.0,nM,EC50,True,6.243363891754152
CHEMBL3094369,6.7121982700697735,6.7121982700697735,O=S(=O)(c1ccc(F)cc1)N(CC(F)(F)F)c1ccc(C(O)(C(F)(F)F)C(F)(F)F)cc1,6.71,Agonist activity at GAL4-fused human PXR expressed in HEK293T cells assessed as activation of basal transcriptional activity after 20 hrs by dual-glo luciferase reporter gene assay,CHEMBL3097478,CHEMBL3401,194.0,nM,EC50,True,6.7121982700697735
CHEMBL3105681,6.585026652029182,6.585026652029182,CCS(=O)(=O)c1ccc(CC(=O)Nc2nc(-c3cccc(Cl)c3)c(C(=O)c3ccccc3Cl)s2)cc1,6.58,Agonist activity at human pregnane X receptor expressed in HEK293 cells by luciferase reporter gene assay,CHEMBL3385882,CHEMBL3401,260.0,nM,EC50,True,6.585026652029182
CHEMBL3122141,4.7447274948966935,4.7447274948966935,CC(C)[C@H](C)CC[C@@H](C)[C@H]1CCC2=C3CC[C@H]4[C@H](C)[C@H](O)CC[C@]4(C)[C@H]3CC[C@@]21C,4.75,Agonist activity at human full-length PXR transfected in human HepG2 cells co-transfected with pSG5-RXR assessed as induction of transactivation by dual-luciferase reporter gene assay,CHEMBL3123846,CHEMBL3401,18000.0,nM,EC50,True,4.7447274948966935
CHEMBL3122144,4.6777807052660805,4.6777807052660805,C=C1[C@@H](O)CC[C@@]2(C)[C@H]1CCC1=C3CC[C@H]([C@H](C)CCC=C(C)C)[C@@]3(C)CC[C@@H]12,4.68,Agonist activity at human full-length PXR transfected in human HepG2 cells co-transfected with pSG5-RXR assessed as induction of transactivation by dual-luciferase reporter gene assay,CHEMBL3123846,CHEMBL3401,21000.0,nM,EC50,True,4.6777807052660805
CHEMBL3188597,4.301029995663981,4.301029995663981,O=C(O)CCNc1cc(N2CCc3ccccc3CC2)nc(-c2ccccn2)n1,,Agonist activity at human PXR by luciferase reporter assay,CHEMBL5682682,CHEMBL3401,50000.0,nM,XC50,True,4.301029995663981
CHEMBL3263710,5.261439372640169,5.261439372640169,CC(C)CN(Cc1ccc(-c2ccc(S(C)(=O)=O)cc2)cc1)S(=O)(=O)Cc1ccccc1,,Inverse agonist activity at GAL4-fused human PXR expressed in HEK293T cells assessed as activation of basal transcriptional activity after 20 hrs by dual-glo luciferase reporter gene assay,CHEMBL3383193,CHEMBL3401,10000.0,nM,EC50,True,5.0
CHEMBL3287132,4.958607314841775,4.958607314841775,Cc1c(-c2ccc(O)c(O)c2)[nH]c2ccc(O)cc12,4.96,Antagonist activity at human PXR transfected in human HepG2 cells co-transfected with pSG5-RXR/pCMV-beta-galactosidase/p(CYP3A4)-TK-Luc assessed as inhibition of rifaximin-induced transactivation after 18 hrs by luciferase reporter gene assay,CHEMBL3294823,CHEMBL3401,11000.0,nM,IC50,True,4.958607314841775
CHEMBL3287136,4.853871964321762,4.853871964321762,Cc1c(-c2ccc(O)c(O)c2)[nH]c2ccc(OCCCO)cc12,4.85,Antagonist activity at human PXR transfected in human HepG2 cells co-transfected with pSG5-RXR/pCMV-beta-galactosidase/p(CYP3A4)-TK-Luc assessed as inhibition of rifaximin-induced transactivation after 18 hrs by luciferase reporter gene assay,CHEMBL3294823,CHEMBL3401,14000.0,nM,IC50,True,4.853871964321762
CHEMBL3314003,6.086186147616283,6.086186147616283,O=C(Nc1ccc2c(c1)N(S(=O)(=O)c1ccc(F)cc1)CCC2)c1c(F)cccc1Cl,6.09,Antagonist activity at GAL4-fused human PXR expressed in HEK293 cells assessed as inhibition of T0901317-stimulated transcriptional activity after 20 hrs by dual-glo luciferase reporter gene assay,CHEMBL3619626,CHEMBL3401,820.0,nM,EC50,True,6.086186147616283
CHEMBL3317833,5.0,5.0,CC(=O)N1CCN(c2ccc(CN(CC(C)C)S(=O)(=O)Cc3ccccc3)cc2)CC1,,Agonist activity at GAL4-fused human PXR expressed in HEK293T cells assessed as activation of basal transcriptional activity after 20 hrs by dual-glo luciferase reporter gene assay,CHEMBL3367609,CHEMBL3401,10000.0,nM,EC50,True,5.0
CHEMBL3317836,5.0,5.0,CC(=O)N1CCN(c2ccc(CN(C3CCC3)S(=O)(=O)Cc3ccccc3)cc2)CC1,,Agonist activity at GAL4-fused human PXR expressed in HEK293T cells assessed as activation of basal transcriptional activity after 20 hrs by dual-glo luciferase reporter gene assay,CHEMBL3367609,CHEMBL3401,10000.0,nM,EC50,True,5.0
CHEMBL3317840,5.0,5.0,CC(=O)N1CCN(c2ccc(CN(C(C)C)S(=O)(=O)Cc3ccccc3)cc2)CC1,,Agonist activity at GAL4-fused human PXR expressed in HEK293T cells assessed as activation of basal transcriptional activity after 20 hrs by dual-glo luciferase reporter gene assay,CHEMBL3367609,CHEMBL3401,10000.0,nM,EC50,True,5.0
CHEMBL3317843,5.0,5.0,CC(=O)N1CCN(c2ccc(CN(CC(F)(F)F)S(=O)(=O)Cc3ccccc3)cc2)CC1,,Agonist activity at GAL4-fused human PXR expressed in HEK293T cells assessed as activation of basal transcriptional activity after 20 hrs by dual-glo luciferase reporter gene assay,CHEMBL3367609,CHEMBL3401,10000.0,nM,EC50,True,5.0
CHEMBL3361050,5.0,5.0,CC(C)CN(Cc1ccccc1C(F)(F)F)S(=O)(=O)c1ccc(NC2CCN(S(C)(=O)=O)CC2)cc1,,Inverse agonist activity at GAL4-fused human PXR expressed in HEK293T cells assessed as activation of basal transcriptional activity after 20 hrs by dual-glo luciferase reporter gene assay,CHEMBL3383193,CHEMBL3401,10000.0,nM,EC50,True,5.0
CHEMBL3361051,5.0,5.0,CC(C)CN(c1ccccc1C(F)(F)F)S(=O)(=O)c1ccc(NC2CCN(S(C)(=O)=O)CC2)cc1,,Inverse agonist activity at GAL4-fused human PXR expressed in HEK293T cells assessed as activation of basal transcriptional activity after 20 hrs by dual-glo luciferase reporter gene assay,CHEMBL3383193,CHEMBL3401,10000.0,nM,EC50,True,5.0
CHEMBL3361058,5.0,5.0,CC(C)CN(c1ccc(F)cc1)S(=O)(=O)c1ccc(OC2CCN(S(C)(=O)=O)CC2)cc1,,Inverse agonist activity at GAL4-fused human PXR expressed in HEK293T cells assessed as activation of basal transcriptional activity after 20 hrs by dual-glo luciferase reporter gene assay,CHEMBL3383193,CHEMBL3401,10000.0,nM,EC50,True,5.0
CHEMBL3361061,5.0,5.0,CC(C)CN(c1ccc(C#N)cc1)S(=O)(=O)c1ccc(OC2CCN(S(C)(=O)=O)CC2)cc1,,Inverse agonist activity at GAL4-fused human PXR expressed in HEK293T cells assessed as activation of basal transcriptional activity after 20 hrs by dual-glo luciferase reporter gene assay,CHEMBL3383193,CHEMBL3401,10000.0,nM,EC50,True,5.0
CHEMBL3361064,5.0,5.0,CC(C)CN(Cc1ccccc1C(F)(F)F)S(=O)(=O)c1ccc(OC2CCN(S(C)(=O)=O)CC2)cn1,,Inverse agonist activity at GAL4-fused human PXR expressed in HEK293T cells assessed as activation of basal transcriptional activity after 20 hrs by dual-glo luciferase reporter gene assay,CHEMBL3383193,CHEMBL3401,10000.0,nM,EC50,True,5.0
CHEMBL3596270,5.0,5.0,O=C(O)c1ccc(-c2nc(C(=O)c3c(Cl)cccc3C(F)(F)F)n3c2CCCC3)c(F)c1,,Agonist activity at GAL4-fused human PXR expressed in HEK293T cells assessed as activation of basal transcriptional activity after 20 hrs by dual-glo luciferase reporter gene assay,CHEMBL3600180,CHEMBL3401,10000.0,nM,EC50,True,5.0
CHEMBL3596276,5.0,5.0,O=C(O)c1ccc(-c2nc(C(=O)c3c(Cl)cccc3C3CC3)n3c2CCCC3)c(F)c1,,Agonist activity at GAL4-fused human PXR expressed in HEK293T cells assessed as activation of basal transcriptional activity after 20 hrs by dual-glo luciferase reporter gene assay,CHEMBL3600180,CHEMBL3401,10000.0,nM,EC50,True,5.0
CHEMBL3596279,5.0,5.0,O=C(O)c1ccc(-c2nc(C(=O)c3c(Cl)cccc3C3CC3)n3cccnc23)cc1O,,Agonist activity at GAL4-fused human PXR expressed in HEK293T cells assessed as activation of basal transcriptional activity after 20 hrs by dual-glo luciferase reporter gene assay,CHEMBL3600180,CHEMBL3401,10000.0,nM,EC50,True,5.0
CHEMBL3598141,5.0,5.0,O=C(O)c1ccc(-c2nc(C(=O)c3c(Cl)cccc3C(F)(F)F)n3ccccc23)cc1,,Agonist activity at GAL4-fused human PXR expressed in HEK293T cells assessed as activation of basal transcriptional activity after 20 hrs by dual-glo luciferase reporter gene assay,CHEMBL3600180,CHEMBL3401,10000.0,nM,EC50,True,5.0
CHEMBL3598148,5.0,5.0,O=C(O)c1ccc(-c2nc(C(=O)c3c(Cl)cccc3C(F)(F)F)n3ccccc23)cc1O,,Agonist activity at GAL4-fused human PXR expressed in HEK293T cells assessed as activation of basal transcriptional activity after 20 hrs by dual-glo luciferase reporter gene assay,CHEMBL3600180,CHEMBL3401,10000.0,nM,EC50,True,5.0
CHEMBL3598149,5.0,5.0,O=C(O)c1ccc(-c2nc(C(=O)c3c(Cl)cccc3C(F)(F)F)n3ccccc23)c(F)c1,,Agonist activity at GAL4-fused human PXR expressed in HEK293T cells assessed as activation of basal transcriptional activity after 20 hrs by dual-glo luciferase reporter gene assay,CHEMBL3600180,CHEMBL3401,10000.0,nM,EC50,True,5.0
CHEMBL3617295,5.958607314841775,5.958607314841775,O=C(Nc1ccc2c(c1)N(S(=O)(=O)c1ccc(F)cc1)CCC2)c1c(F)cccc1F,5.96,Antagonist activity at GAL4-fused human PXR expressed in HEK293 cells assessed as inhibition of T0901317-stimulated transcriptional activity after 20 hrs by dual-glo luciferase reporter gene assay,CHEMBL3619626,CHEMBL3401,1100.0,nM,EC50,True,5.958607314841775
CHEMBL3617297,5.318758762624412,5.318758762624412,O=C(Nc1ccc2c(c1)N(S(=O)(=O)c1ccc(F)cc1)CC2)c1c(F)cccc1F,5.32,Antagonist activity at GAL4-fused human PXR expressed in HEK293 cells assessed as inhibition of T0901317-stimulated transcriptional activity after 20 hrs by dual-glo luciferase reporter gene assay,CHEMBL3619626,CHEMBL3401,4800.0,nM,EC50,True,5.318758762624412
CHEMBL3617309,6.026872146400302,6.026872146400302,O=C(Nc1ccc2c(c1)N(S(=O)(=O)c1ccc(F)cc1)CCC2)c1ccccc1Cl,6.03,Antagonist activity at GAL4-fused human PXR expressed in HEK293 cells assessed as inhibition of T0901317-stimulated transcriptional activity after 20 hrs by dual-glo luciferase reporter gene assay,CHEMBL3619626,CHEMBL3401,940.0,nM,EC50,True,6.026872146400302
CHEMBL3632924,4.562249437179612,4.562249437179612,CC/C(=C(/CC)c1ccc(OCCO)cc1)c1ccc(OCCO)cc1,4.56,Antagonist activity at full length human PXR transfected in human HepG2 cells assessed as reduction in rifaximin-induced receptor transactivation after 18 hrs by luciferase reporter assay,CHEMBL3635224,CHEMBL3401,27400.0,nM,IC50,True,4.562249437179612
CHEMBL3643413,4.522878745280337,4.522878745280337,CCC(=O)N1CC[C@H](Nc2ncnc3c2CN(c2cnc(OC)c(C(F)(F)F)c2)CC3)C1,,Selectivity interaction (PXR Receptor agonist/antagonist assay: TR-FRET human recombinant ) EUB0000877a NR1I2,CHEMBL5474451,CHEMBL3401,30000.0,nM,IC50,True,4.522878745280337
CHEMBL374478,6.077659464119701,5.945210726547806,CO[C@H]1/C=C/O[C@@]2(C)Oc3c(C)c(O)c4c(O)c(c(/C=N/N5CCN(C)CC5)c(O)c4c3C2=O)NC(=O)/C(C)=C\C=C\[C@H](C)[C@H](O)[C@@H](C)[C@@H](O)[C@@H](C)[C@H](OC(C)=O)[C@@H]1C,5.96,Agonist activity at human PXR transfected in HEK293 cells after 24 hrs by luciferase reporter gene assay,CHEMBL3784294,CHEMBL3401,1100.0,nM,EC50,True,5.958607314841775
CHEMBL3781062,6.128088389198124,6.128088389198124,C[Si](C)(O)c1ccc(N(CC(F)(F)F)S(=O)(=O)c2ccccc2)cc1,6.06,Agonist activity at human PXR transfected in HEK293 cells after 24 hrs by luciferase reporter gene assay,CHEMBL3784294,CHEMBL3401,880.0,nM,EC50,True,6.055517327849832
CHEMBL3822473,5.522878745280337,5.522878745280337,COc1cccc(-c2nc(OC)c3ccccc3n2)c1,,Agonist activity at PXR expressed in human HepG2 cells after 24 hrs by p3A4-luciferase reporter gene assay,CHEMBL3825786,CHEMBL3401,3000.0,nM,EC50,True,5.522878745280337
CHEMBL3822867,5.455931955649724,5.455931955649724,COc1cccc(-c2nc(SC)c3ccccc3n2)c1,,Agonist activity at PXR expressed in human HepG2 cells after 24 hrs by p3A4-luciferase reporter gene assay,CHEMBL3825786,CHEMBL3401,3500.0,nM,EC50,True,5.455931955649724
CHEMBL3823873,6.0655015487564325,6.0655015487564325,COc1cccc(-c2nc3ccccc3c(=S)[nH]2)c1,6.07,Agonist activity at PXR expressed in human HepG2 cells after 24 hrs by p3A4-luciferase reporter gene assay,CHEMBL3825786,CHEMBL3401,860.0,nM,EC50,True,6.0655015487564325
CHEMBL3945199,6.0,6.0,CC(C)(O)c1cn(-c2ccc(-c3cc(F)c(CO)c(S(C)(=O)=O)c3)cc2F)c(C(C)(C)c2c(Cl)cccc2Cl)n1,6.0,Agonist activity at human PXR expressed in human HepG2 cells assessed as induction of CYP3A4 measured after 24 hrs by AlamarBlue dye-based luciferase reporter gene assay,CHEMBL3868528,CHEMBL3401,1000.0,nM,EC50,True,6.0
CHEMBL3953927,5.522878745280337,5.522878745280337,CC(C)(O)c1cn(-c2ccc(-c3cc(F)c(CO)c(S(C)(=O)=O)c3)cc2)c(C(C)(C)c2cccc(F)c2Cl)n1,5.52,Agonist activity at human PXR expressed in human HepG2 cells assessed as induction of CYP3A4 measured after 24 hrs by AlamarBlue dye-based luciferase reporter gene assay,CHEMBL3868528,CHEMBL3401,3000.0,nM,EC50,True,5.522878745280337
CHEMBL411,4.835647144215563,4.835647144215563,CC/C(=C(/CC)c1ccc(O)cc1)c1ccc(O)cc1,4.84,Antagonist activity at full length human PXR transfected in human HepG2 cells assessed as reduction in rifaximin-induced receptor transactivation after 18 hrs by luciferase reporter assay,CHEMBL3635224,CHEMBL3401,14600.0,nM,IC50,True,4.835647144215563
CHEMBL4162171,5.0,5.0,C/C(=C\c1ccc2c(c1)N(S(=O)(=O)c1cccc(C(F)(F)F)c1)C[C@H](CCC(=O)O)O2)c1c(F)cccc1Cl,,Agonist activity at human PXR-gamma expressed in HEK293 cells assessed as transcriptional activity in presence of ursolic acid by Gal4-luciferase reporter assay,CHEMBL4839622,CHEMBL3401,10000.0,nM,EC50,True,5.0
CHEMBL4172843,5.698970004336019,5.698970004336019,O=C(O)CC[C@H]1CN(S(=O)(=O)c2cccc(C(F)(F)F)c2)c2cc(/C=C/c3c(Cl)cccc3C(F)(F)F)ccc2O1,5.7,Agonist activity at human PXR-gamma expressed in HEK293 cells assessed as transcriptional activity in presence of ursolic acid by Gal4-luciferase reporter assay,CHEMBL4839622,CHEMBL3401,2000.0,nM,EC50,True,5.698970004336019
CHEMBL4239055,5.721246399047171,5.721246399047171,CCN(c1ccc([Si](C)(C)O)cc1)S(=O)(=O)c1ccccc1,5.72,Agonist activity at VP16-fused human PXR expressed in HEK293 cells after 24 hrs by luciferase reporter gene assay,CHEMBL4235209,CHEMBL3401,1900.0,nM,EC50,True,5.721246399047171
CHEMBL4242807,5.494850021680094,5.494850021680094,C[Si](C)(O)c1ccc(N(Cc2ccccc2)S(=O)(=O)c2ccccc2)cc1,5.5,Agonist activity at VP16-fused human PXR expressed in HEK293 cells after 24 hrs by luciferase reporter gene assay,CHEMBL4235209,CHEMBL3401,3200.0,nM,EC50,True,5.494850021680094
CHEMBL4243206,4.853871964321762,4.853871964321762,C[Si](C)(O)c1ccc(N(CCc2ccccc2)S(=O)(=O)c2ccccc2)cc1,4.85,Agonist activity at VP16-fused human PXR expressed in HEK293 cells after 24 hrs by luciferase reporter gene assay,CHEMBL4235209,CHEMBL3401,14000.0,nM,EC50,True,4.853871964321762
CHEMBL4243271,5.468521082957745,5.468521082957745,CN(c1ccc([Si](C)(C)O)cc1)S(=O)(=O)c1ccccc1,5.47,Agonist activity at VP16-fused human PXR expressed in HEK293 cells after 24 hrs by luciferase reporter gene assay,CHEMBL4235209,CHEMBL3401,3400.0,nM,EC50,True,5.468521082957745
CHEMBL4246995,5.853871964321762,5.853871964321762,COC(=O)CN(c1ccc([Si](C)(C)O)cc1)S(=O)(=O)c1ccccc1,5.85,Agonist activity at VP16-fused human PXR expressed in HEK293 cells after 24 hrs by luciferase reporter gene assay,CHEMBL4235209,CHEMBL3401,1400.0,nM,EC50,True,5.853871964321762
CHEMBL4247044,5.187086643357144,5.187086643357144,CCCCN(c1ccc([Si](C)(C)O)cc1)S(=O)(=O)c1ccccc1,5.19,Agonist activity at VP16-fused human PXR expressed in HEK293 cells after 24 hrs by luciferase reporter gene assay,CHEMBL4235209,CHEMBL3401,6500.0,nM,EC50,True,5.187086643357144
CHEMBL4247454,5.376750709602099,5.376750709602099,COCCN(c1ccc([Si](C)(C)O)cc1)S(=O)(=O)c1ccccc1,5.38,Agonist activity at VP16-fused human PXR expressed in HEK293 cells after 24 hrs by luciferase reporter gene assay,CHEMBL4235209,CHEMBL3401,4200.0,nM,EC50,True,5.376750709602099
CHEMBL4249586,5.619788758288394,5.619788758288394,C[Si](C)(O)c1ccc(NS(=O)(=O)c2ccccc2)cc1,5.62,Agonist activity at VP16-fused human PXR expressed in HEK293 cells after 24 hrs by luciferase reporter gene assay,CHEMBL4235209,CHEMBL3401,2400.0,nM,EC50,True,5.619788758288394
CHEMBL4303308,5.0,5.0,O=C(O)CCNc1cc(N2CCc3ccccc3CC2)nc(-c2cccnc2)n1,5.0,Agonist activity at human PXR by luciferase reporter assay,CHEMBL5682682,CHEMBL3401,10000.0,nM,XC50,True,5.0
CHEMBL4435054,5.3872161432802645,5.3872161432802645,CC(C)N(C)Cc1cccc(F)c1CNc1cc(F)c(S(=O)(=O)Nc2cscn2)c(F)c1,5.39,Agonist activity at PXR in human DPX2 cells after 24 hrs by luciferase reporter gene assay,CHEMBL4415866,CHEMBL3401,4100.0,nM,EC50,True,5.3872161432802645
CHEMBL4439746,5.886056647693163,5.886056647693163,Clc1ccc(-c2nc3occn3c2/C=N/OCc2ccc(Cl)c(Cl)c2)cc1,5.89,Agonist activity at human PXR transfected in human HepG2 cells cotransfected with CYP3A4 incubated for 23 hrs by luciferase reporter gene assay,CHEMBL4399411,CHEMBL3401,1300.0,nM,EC50,True,5.886056647693163
CHEMBL4444000,5.508638306165727,5.508638306165727,O=S(=O)(Nc1cscn1)c1cc(Cl)c(NCc2c(F)cccc2CN2CCC2)cc1F,5.51,Agonist activity at PXR in human DPX2 cells after 24 hrs by luciferase reporter gene assay,CHEMBL4415866,CHEMBL3401,3100.0,nM,EC50,True,5.508638306165727
CHEMBL4445144,5.774690718274137,5.774690718274137,COc1ccc(F)c([C@H](C)Nc2cc(F)c(S(=O)(=O)Nc3cscn3)cc2Cl)c1,5.78,Agonist activity at PXR in human DPX2 cells after 24 hrs by luciferase reporter gene assay,CHEMBL4415866,CHEMBL3401,1680.0,nM,EC50,True,5.774690718274137
CHEMBL4448084,5.318758762624412,5.318758762624412,CC1(C)CCN1Cc1cccc(F)c1CNc1cc(F)c(S(=O)(=O)Nc2cscn2)cc1Cl,5.32,Agonist activity at PXR in human DPX2 cells after 24 hrs by luciferase reporter gene assay,CHEMBL4415866,CHEMBL3401,4800.0,nM,EC50,True,5.318758762624412
CHEMBL4449508,5.698970004336019,5.698970004336019,FC(F)(F)c1ccc(CO/N=C/c2c(-c3ccc4ccccc4c3)nc3occn23)cc1,5.7,Agonist activity at human PXR transfected in human HepG2 cells cotransfected with CYP3A4 incubated for 23 hrs by luciferase reporter gene assay,CHEMBL4399411,CHEMBL3401,2000.0,nM,EC50,True,5.698970004336019
CHEMBL4455701,5.443697499232712,5.443697499232712,CC1(C)CCC(C)(C)c2cc(-c3nc4sccn4c3/C=N/OCc3ccc(Cl)c(Cl)c3)ccc21,5.44,Agonist activity at human PXR transfected in human HepG2 cells cotransfected with CYP3A4 incubated for 23 hrs by luciferase reporter gene assay,CHEMBL4399411,CHEMBL3401,3600.0,nM,EC50,True,5.443697499232712
CHEMBL4457973,5.522878745280337,5.522878745280337,C[C@H](Nc1cc(F)c(S(=O)(=O)Nc2nccs2)cc1Cl)c1cccnc1,5.52,Agonist activity at PXR in human DPX2 cells after 24 hrs by luciferase reporter gene assay,CHEMBL4415866,CHEMBL3401,3000.0,nM,EC50,True,5.522878745280337
CHEMBL4459170,6.200659450546418,6.200659450546418,C[C@H](Nc1cc(F)c(S(=O)(=O)Nc2cscn2)c(F)c1)c1cc(C#N)ccc1F,6.2,Agonist activity at PXR in human DPX2 cells after 24 hrs by luciferase reporter gene assay,CHEMBL4415866,CHEMBL3401,630.0,nM,EC50,True,6.200659450546418
CHEMBL4460028,4.928117992693875,4.928117992693875,CC1(C)CCN1Cc1cccc(F)c1CNc1cc(F)c(S(=O)(=O)Nc2cscn2)c(F)c1,4.93,Agonist activity at PXR in human DPX2 cells after 24 hrs by luciferase reporter gene assay,CHEMBL4415866,CHEMBL3401,11800.0,nM,EC50,True,4.928117992693875
CHEMBL4465050,5.229147988357856,5.229147988357856,Clc1ccc(CO/N=C/c2c(-c3ccc4ccccc4c3)nc3occn23)cc1Cl,5.23,Agonist activity at human PXR transfected in human HepG2 cells cotransfected with CYP3A4 incubated for 23 hrs by luciferase reporter gene assay,CHEMBL4399411,CHEMBL3401,5900.0,nM,EC50,True,5.229147988357856
CHEMBL4466858,6.6020599913279625,6.6020599913279625,C[C@H](Nc1cc(F)c(S(=O)(=O)Nc2cscn2)c(F)c1)c1ccccc1F,6.6,Agonist activity at PXR in human DPX2 cells after 24 hrs by luciferase reporter gene assay,CHEMBL4415866,CHEMBL3401,250.0,nM,EC50,True,6.6020599913279625
CHEMBL4471825,5.026872146400302,5.026872146400302,CN(Cc1cccc(F)c1CNc1cc(F)c(S(=O)(=O)Nc2cscn2)c(F)c1)C(C)(C)C,5.03,Agonist activity at PXR in human DPX2 cells after 24 hrs by luciferase reporter gene assay,CHEMBL4415866,CHEMBL3401,9400.0,nM,EC50,True,5.026872146400302
CHEMBL4472508,5.096910013008056,5.096910013008056,CC(C)(C[C@H]1CN(S(=O)(=O)c2cccc(C(F)(F)F)c2)c2cc(-c3cc(F)cc(OC(F)F)c3)ccc2O1)C(=O)O,5.1,Agonist activity at human PXR-gamma expressed in HEK293 cells assessed as transcriptional activity in presence of ursolic acid by Gal4-luciferase reporter assay,CHEMBL4839622,CHEMBL3401,8000.0,nM,EC50,True,5.096910013008056
CHEMBL4473036,4.2441251443275085,4.2441251443275085,Clc1ccc(CO/N=C/c2c(-c3ccc(-c4ccccc4)cc3)nc3sccn23)cc1Cl,4.24,Agonist activity at human PXR transfected in human HepG2 cells cotransfected with CYP3A4 incubated for 23 hrs by luciferase reporter gene assay,CHEMBL4399411,CHEMBL3401,57000.0,nM,EC50,True,4.2441251443275085
CHEMBL45281,5.305394801066432,5.305394801066432,CCCN(CC1CC1)c1nc(C)nc(Nc2c(Cl)cc(Cl)cc2Cl)c1Cl,5.3,Agonist activity at PXR (unknown origin) expressed in human HepG2 cells assessed as induction of CYP3A4 transactivation after 16 hrs by luciferase reporter gene assay,CHEMBL2399371,CHEMBL3401,4950.0,nM,EC50,True,5.305394801066432
CHEMBL4529272,5.610833915635467,5.610833915635467,COc1ccc(F)c([C@H](C)Nc2cc(F)c(S(=O)(=O)Nc3cscn3)c(F)c2)c1,5.61,Agonist activity at PXR in human DPX2 cells after 24 hrs by luciferase reporter gene assay,CHEMBL4415866,CHEMBL3401,2450.0,nM,EC50,True,5.610833915635467
CHEMBL4530743,6.376750709602099,6.376750709602099,C[C@H](Nc1cc(F)c(S(=O)(=O)Nc2nccs2)cc1Cl)c1ccc(F)cc1F,6.38,Agonist activity at PXR in human DPX2 cells after 24 hrs by luciferase reporter gene assay,CHEMBL4415866,CHEMBL3401,420.0,nM,EC50,True,6.376750709602099
CHEMBL4544968,6.376750709602099,6.376750709602099,COC[C@H](Nc1cc(F)c(S(=O)(=O)Nc2nccs2)cc1Cl)c1ccccc1,6.38,Agonist activity at PXR in human DPX2 cells after 24 hrs by luciferase reporter gene assay,CHEMBL4415866,CHEMBL3401,420.0,nM,EC50,True,6.376750709602099
CHEMBL4558113,4.698970004336019,4.698970004336019,C[C@H](Nc1cc(F)c(S(=O)(=O)Nc2cscn2)cc1Cl)c1cc(CN2CCC2)ccc1F,,Agonist activity at PXR in human DPX2 cells after 24 hrs by luciferase reporter gene assay,CHEMBL4415866,CHEMBL3401,20000.0,nM,EC50,True,4.698970004336019
CHEMBL4576432,5.136677139879544,5.136677139879544,C(=N/OCc1ccccc1)\c1c(-c2ccc3ccccc3c2)nc2occn12,5.14,Agonist activity at human PXR transfected in human HepG2 cells cotransfected with CYP3A4 incubated for 23 hrs by luciferase reporter gene assay,CHEMBL4399411,CHEMBL3401,7300.0,nM,EC50,True,5.136677139879544
CHEMBL4580996,6.3979400086720375,6.3979400086720375,C[C@H](Nc1cc(F)c(S(=O)(=O)Nc2cscn2)cc1Cl)c1cc(F)ccc1F,6.4,Agonist activity at PXR in human DPX2 cells after 24 hrs by luciferase reporter gene assay,CHEMBL4415866,CHEMBL3401,400.0,nM,EC50,True,6.3979400086720375
CHEMBL4584424,5.958607314841775,5.958607314841775,C(=N/OCc1ccc(Oc2ccccc2)cc1)\c1c(-c2ccc3ccccc3c2)nc2occn12,5.96,Agonist activity at human PXR transfected in human HepG2 cells cotransfected with CYP3A4 incubated for 23 hrs by luciferase reporter gene assay,CHEMBL4399411,CHEMBL3401,1100.0,nM,EC50,True,5.958607314841775
CHEMBL4585141,4.698970004336019,4.698970004336019,O=S(=O)(Nc1cscn1)c1cc(Cl)c(NCc2cc(CN3CCC3)ccc2F)cc1F,,Agonist activity at PXR in human DPX2 cells after 24 hrs by luciferase reporter gene assay,CHEMBL4415866,CHEMBL3401,20000.0,nM,EC50,True,4.698970004336019
CHEMBL458603,6.00436480540245,6.00436480540245,Clc1ccc(-c2nc3sccn3c2/C=N/OCc2ccc(Cl)c(Cl)c2)cc1,6.0,Agonist activity at human PXR transfected in human HepG2 cells cotransfected with CYP3A4 incubated for 23 hrs by luciferase reporter gene assay,CHEMBL4399411,CHEMBL3401,990.0,nM,EC50,True,6.00436480540245
CHEMBL458767,7.159379381312206,7.159379381312206,CCOP(=O)(OCC)C(=Cc1cc(C(C)(C)C)c(O)c(C(C)(C)C)c1)P(=O)(OCC)OCC,7.1,Agonist activity at human pregnane X receptor expressed in HEK293 cells by luciferase reporter gene assay,CHEMBL3385882,CHEMBL3401,80.0,nM,EC50,True,7.096910013008056
CHEMBL4758064,4.0,4.0,CC[C@H]1[C@@H](O)[C@@H]2[C@H]([C@@H](O)C[C@]3(C)[C@@H]([C@H](C)CCC(=O)O)CC[C@@H]23)[C@@]2(C)CC[C@@H](O)C[C@@H]12,,Agonist activity at human PXR,CHEMBL4681034,CHEMBL3401,100000.0,nM,EC50,True,4.0
CHEMBL4846130,5.0,5.0,O=C(O)CC[C@H]1CN(S(=O)(=O)c2cccc(C(F)(F)F)c2)c2cc(-c3cc(F)cc(F)c3)ccc2O1,,Agonist activity at human PXR-gamma expressed in HEK293 cells assessed as transcriptional activity in presence of ursolic acid by Gal4-luciferase reporter assay,CHEMBL4839622,CHEMBL3401,10000.0,nM,EC50,True,5.0
CHEMBL4846228,6.823908740944319,6.823908740944319,COc1ccc(C#N)cc1-n1nnc(S(=O)(=O)c2ccc(C(C)(C)C)cc2)c1C,7.3,Inverse agonist activity at human PXR expressed in HepG2 cells co-expressing luciferase gene under control of CYP3A4 promoter incubated for 24 hrs by luciferase reporter assay,CHEMBL4834543,CHEMBL3401,50.0,nM,IC50,True,7.301029995663981
CHEMBL4846389,5.0,5.0,O=C(O)CC[C@H]1CN(S(=O)(=O)c2cccc(C(F)(F)F)c2)c2cc(/C=C/c3ccc(Cl)cc3F)ccc2O1,,Agonist activity at human PXR-gamma expressed in HEK293 cells assessed as transcriptional activity in presence of ursolic acid by Gal4-luciferase reporter assay,CHEMBL4839622,CHEMBL3401,10000.0,nM,EC50,True,5.0
CHEMBL4846510,5.0,5.0,O=C(O)CC[C@H]1CN(S(=O)(=O)c2cccc(C(F)(F)F)c2)c2cc(-c3cc(F)cc(OC(F)F)c3)ccc2O1,,Agonist activity at human PXR-gamma expressed in HEK293 cells assessed as transcriptional activity in presence of ursolic acid by Gal4-luciferase reporter assay,CHEMBL4839622,CHEMBL3401,10000.0,nM,EC50,True,5.0
CHEMBL4846575,4.7447274948966935,4.7447274948966935,O=C(O)C1(C[C@H]2CN(S(=O)(=O)c3cccc(C(F)(F)F)c3)c3cc(-c4cc(F)ccc4F)ccc3O2)COC1,4.75,Agonist activity at human PXR-gamma expressed in HEK293 cells assessed as transcriptional activity in presence of ursolic acid by Gal4-luciferase reporter assay,CHEMBL4839622,CHEMBL3401,18000.0,nM,EC50,True,4.7447274948966935
CHEMBL4846685,5.0,5.0,C/C(=C\c1ccc2c(c1)N(S(=O)(=O)c1cccc(C(F)(F)F)c1)C[C@H](CCC(=O)O)O2)c1c(Cl)cccc1Cl,,Agonist activity at human PXR-gamma expressed in HEK293 cells assessed as transcriptional activity in presence of ursolic acid by Gal4-luciferase reporter assay,CHEMBL4839622,CHEMBL3401,10000.0,nM,EC50,True,5.0
CHEMBL4847225,5.698970004336019,5.698970004336019,COc1ccc(CO)cc1-n1nnc(S(=O)(=O)c2ccc(C(C)(C)C)cc2)c1C,5.7,Antagonist activity at human PXR expressed in HepG2 cells co-expressing luciferase gene under control of CYP3A4 promoter incubated for 24 hrs in presence of 5 uM rifampicin by luciferase reporter assay,CHEMBL4834545,CHEMBL3401,2000.0,nM,IC50,True,5.698970004336019
CHEMBL4847229,5.0,5.0,CC(C)(C[C@H]1CN(S(=O)(=O)c2cccc(C(F)(F)F)c2)c2cc(-c3cccc(Cl)c3F)ccc2O1)C(=O)O,,Agonist activity at human PXR-gamma expressed in HEK293 cells assessed as transcriptional activity in presence of ursolic acid by Gal4-luciferase reporter assay,CHEMBL4839622,CHEMBL3401,10000.0,nM,EC50,True,5.0
CHEMBL4847760,5.0,5.0,C/C(=C\c1ccc2c(c1)N(S(=O)(=O)c1cccc(C(F)(F)F)c1)C[C@H](CCC(=O)O)O2)c1ccccc1C(F)(F)F,,Agonist activity at human PXR-gamma expressed in HEK293 cells assessed as transcriptional activity in presence of ursolic acid by Gal4-luciferase reporter assay,CHEMBL4839622,CHEMBL3401,10000.0,nM,EC50,True,5.0
CHEMBL4848784,5.040958607678906,5.040958607678906,C/C(=C\c1ccc2c(c1)N(S(=O)(=O)c1cccc(OC(F)F)c1)C[C@H](CCC(=O)O)O2)c1c(F)cccc1Cl,5.04,Agonist activity at human PXR-gamma expressed in HEK293 cells assessed as transcriptional activity in presence of ursolic acid by Gal4-luciferase reporter assay,CHEMBL4839622,CHEMBL3401,9100.0,nM,EC50,True,5.040958607678906
CHEMBL4849908,5.619788758288394,5.619788758288394,COc1ccc(OC)c(-n2nnc(S(=O)(=O)c3ccc(C(C)(C)C)cc3)c2C#N)c1,5.62,Antagonist activity at human PXR expressed in HepG2 cells co-expressing luciferase gene under control of CYP3A4 promoter incubated for 24 hrs in presence of 5 uM rifampicin by luciferase reporter assay,CHEMBL4834545,CHEMBL3401,2400.0,nM,IC50,True,5.619788758288394
CHEMBL4849989,5.0,5.0,O=C(O)CC[C@H]1CN(S(=O)(=O)c2cccc(C(F)(F)F)c2)c2cc(-c3cccc(F)c3)ccc2O1,,Agonist activity at human PXR-gamma expressed in HEK293 cells assessed as transcriptional activity in presence of ursolic acid by Gal4-luciferase reporter assay,CHEMBL4839622,CHEMBL3401,10000.0,nM,EC50,True,5.0
CHEMBL4849995,5.0,5.0,O=C(O)C1(C[C@H]2CN(S(=O)(=O)c3cccc(C(F)(F)F)c3)c3cc(-c4cccc(Cl)c4F)ccc3O2)CCOCC1,,Agonist activity at human PXR-gamma expressed in HEK293 cells assessed as transcriptional activity in presence of ursolic acid by Gal4-luciferase reporter assay,CHEMBL4839622,CHEMBL3401,10000.0,nM,EC50,True,5.0
CHEMBL4850074,5.995678626217358,5.995678626217358,COc1ccc(C(F)(F)F)cc1-n1nnc(S(=O)(=O)c2ccc(C(C)(C)C)cc2)c1C,6.0,Antagonist activity at human PXR expressed in HepG2 cells co-expressing luciferase gene under control of CYP3A4 promoter incubated for 24 hrs in presence of 5 uM rifampicin by luciferase reporter assay,CHEMBL4834545,CHEMBL3401,1010.0,nM,IC50,True,5.995678626217358
CHEMBL4850323,4.978810700930062,4.978810700930062,COc1ccc(Cl)cc1-n1cc(S(=O)(=O)c2ccc(C(C)(C)C)cc2)nn1,4.98,Antagonist activity at human PXR expressed in HepG2 cells co-expressing luciferase gene under control of CYP3A4 promoter incubated for 24 hrs in presence of 5 uM rifampicin by luciferase reporter assay,CHEMBL4834545,CHEMBL3401,10500.0,nM,IC50,True,4.978810700930062
CHEMBL4850664,5.769551078621726,5.769551078621726,COc1ccc(OC)c(-n2nnc(S(=O)(=O)c3ccc(C(C)(C)C)cc3)c2N)c1,5.77,Antagonist activity at human PXR expressed in HepG2 cells co-expressing luciferase gene under control of CYP3A4 promoter incubated for 24 hrs in presence of 5 uM rifampicin by luciferase reporter assay,CHEMBL4834545,CHEMBL3401,1700.0,nM,IC50,True,5.769551078621726
CHEMBL4851214,5.0,5.0,O=C(O)CC[C@H]1CN(S(=O)(=O)c2cccc(C(F)(F)F)c2)c2cc(-c3cccc(Cl)c3)ccc2O1,,Agonist activity at human PXR-gamma expressed in HEK293 cells assessed as transcriptional activity in presence of ursolic acid by Gal4-luciferase reporter assay,CHEMBL4839622,CHEMBL3401,10000.0,nM,EC50,True,5.0
CHEMBL4851763,6.096910013008056,6.096910013008056,CCc1c(S(=O)(=O)c2ccc(C(C)(C)C)cc2)nnn1-c1cc(C)ccc1OC,6.1,Antagonist activity at human PXR expressed in HepG2 cells co-expressing luciferase gene under control of CYP3A4 promoter incubated for 24 hrs in presence of 5 uM rifampicin by luciferase reporter assay,CHEMBL4834545,CHEMBL3401,800.0,nM,IC50,True,6.096910013008056
CHEMBL4852446,6.301029995663981,6.301029995663981,CCc1c(S(=O)(=O)c2ccc(C(C)(C)C)cc2)nnn1-c1cc(OC)ccc1OC,6.3,Antagonist activity at human PXR expressed in HepG2 cells co-expressing luciferase gene under control of CYP3A4 promoter incubated for 24 hrs in presence of 5 uM rifampicin by luciferase reporter assay,CHEMBL4834545,CHEMBL3401,500.0,nM,IC50,True,6.301029995663981
CHEMBL4853314,5.3979400086720375,5.3979400086720375,COc1cc(C#N)c(C)cc1-n1nnc(S(=O)(=O)c2ccc(C(C)(C)C)cc2)c1C,5.4,Antagonist activity at human PXR expressed in HepG2 cells co-expressing luciferase gene under control of CYP3A4 promoter incubated for 24 hrs in presence of 5 uM rifampicin by luciferase reporter assay,CHEMBL4834545,CHEMBL3401,4000.0,nM,IC50,True,5.3979400086720375
CHEMBL4853694,6.235863111416478,6.235863111416478,CCCCOC(C)(C)c1ccc(S(=O)(=O)c2nnn(-c3cc(OC)ccc3OC)c2C)cc1,6.6,Inverse agonist activity at human PXR expressed in HepG2 cells co-expressing luciferase gene under control of CYP3A4 promoter incubated for 24 hrs by luciferase reporter assay,CHEMBL4834543,CHEMBL3401,250.0,nM,IC50,True,6.6020599913279625
CHEMBL4854926,5.0,5.0,O=S(=O)(c1cccc(C(F)(F)F)c1)N1C[C@H](CC2(CO)COC2)Oc2ccc(Br)cc21,,Agonist activity at human PXR-gamma expressed in HEK293 cells assessed as transcriptional activity in presence of ursolic acid by Gal4-luciferase reporter assay,CHEMBL4839622,CHEMBL3401,10000.0,nM,EC50,True,5.0
CHEMBL4855078,5.0,5.0,COC(=O)c1cc(OC)c(-n2nnc(S(=O)(=O)c3ccc(C(C)(C)C)cc3)c2C)cc1Cl,5.0,Antagonist activity at human PXR expressed in HepG2 cells co-expressing luciferase gene under control of CYP3A4 promoter incubated for 24 hrs in presence of 5 uM rifampicin by luciferase reporter assay,CHEMBL4834545,CHEMBL3401,10000.0,nM,IC50,True,5.0
CHEMBL4855415,5.0,5.0,CCOc1nn2c(c1S(=O)(=O)N1C[C@H](CCC(=O)O)Oc3ccc(/C=C(\C)c4c(F)cccc4Cl)cc31)CCCC2,,Agonist activity at human PXR-gamma expressed in HEK293 cells assessed as transcriptional activity in presence of ursolic acid by Gal4-luciferase reporter assay,CHEMBL4839622,CHEMBL3401,10000.0,nM,EC50,True,5.0
CHEMBL4855978,5.468521082957745,5.468521082957745,COc1ccc(OC)c(-n2cc(S(=O)(=O)c3ccc(C(C)(C)C)cc3)nn2)c1,5.47,Antagonist activity at human PXR expressed in HepG2 cells co-expressing luciferase gene under control of CYP3A4 promoter incubated for 24 hrs in presence of 5 uM rifampicin by luciferase reporter assay,CHEMBL4834545,CHEMBL3401,3400.0,nM,IC50,True,5.468521082957745
CHEMBL4856642,5.262807357295263,5.262807357295263,O=C(O)C1(C[C@H]2CN(S(=O)(=O)c3cccc(C(F)(F)F)c3)c3cc(-c4cc(F)cc(OC(F)F)c4)ccc3O2)COC1,5.26,Agonist activity at human PXR-gamma expressed in HEK293 cells assessed as transcriptional activity in presence of ursolic acid by Gal4-luciferase reporter assay,CHEMBL4839622,CHEMBL3401,5460.0,nM,EC50,True,5.262807357295263
CHEMBL4857525,6.9604093769761874,6.9604093769761874,COc1ccc(Br)cc1-n1nnc(S(=O)(=O)c2ccc(C(C)(C)C)cc2)c1C,7.3,Inverse agonist activity at human PXR expressed in HepG2 cells co-expressing luciferase gene under control of CYP3A4 promoter incubated for 24 hrs by luciferase reporter assay,CHEMBL4834543,CHEMBL3401,50.0,nM,IC50,True,7.301029995663981
CHEMBL4858163,5.221848749616356,5.221848749616356,COC(=O)c1cc(OC)c(-n2nnc(S(=O)(=O)c3ccc(C(C)(C)C)cc3)c2C)cc1C,5.22,Antagonist activity at human PXR expressed in HepG2 cells co-expressing luciferase gene under control of CYP3A4 promoter incubated for 24 hrs in presence of 5 uM rifampicin by luciferase reporter assay,CHEMBL4834545,CHEMBL3401,6000.0,nM,IC50,True,5.221848749616356
CHEMBL4858627,5.301029995663981,5.301029995663981,COc1ccc(C)cc1-n1cc(S(=O)(=O)c2ccc(C(C)(C)C)cc2)nn1,5.3,Antagonist activity at human PXR expressed in HepG2 cells co-expressing luciferase gene under control of CYP3A4 promoter incubated for 24 hrs in presence of 5 uM rifampicin by luciferase reporter assay,CHEMBL4834545,CHEMBL3401,5000.0,nM,IC50,True,5.301029995663981
CHEMBL4858971,5.0,5.0,O=C(O)[C@@H](O)CC[C@H]1CN(S(=O)(=O)c2cccc(C(F)(F)F)c2)c2cc(-c3cc(F)ccc3F)ccc2O1,,Agonist activity at human PXR-gamma expressed in HEK293 cells assessed as transcriptional activity in presence of ursolic acid by Gal4-luciferase reporter assay,CHEMBL4839622,CHEMBL3401,10000.0,nM,EC50,True,5.0
CHEMBL4859314,6.018106086327222,6.018106086327222,COc1ccc(OC)c(-n2nnc(S(=O)(=O)c3ccc(C(C)(C)OC)cc3)c2C)c1,6.4,Inverse agonist activity at human PXR expressed in HepG2 cells co-expressing luciferase gene under control of CYP3A4 promoter incubated for 24 hrs by luciferase reporter assay,CHEMBL4834543,CHEMBL3401,400.0,nM,IC50,True,6.3979400086720375
CHEMBL4859334,5.045757490560675,5.045757490560675,COc1cc(C(C)=O)c(C)cc1-n1nnc(S(=O)(=O)c2ccc(C(C)(C)C)cc2)c1C,5.05,Antagonist activity at human PXR expressed in HepG2 cells co-expressing luciferase gene under control of CYP3A4 promoter incubated for 24 hrs in presence of 5 uM rifampicin by luciferase reporter assay,CHEMBL4834545,CHEMBL3401,9000.0,nM,IC50,True,5.045757490560675
CHEMBL4859771,5.0,5.0,C[C@@H](C[C@H]1CN(S(=O)(=O)c2cccc(C(F)(F)F)c2)c2cc(-c3cc(F)ccc3F)ccc2O1)C(=O)O,,Agonist activity at human PXR-gamma expressed in HEK293 cells assessed as transcriptional activity in presence of ursolic acid by Gal4-luciferase reporter assay,CHEMBL4839622,CHEMBL3401,10000.0,nM,EC50,True,5.0
CHEMBL4859796,5.0,5.0,O=C(O)CC[C@H]1CN(S(=O)(=O)c2cccc(C(F)(F)F)c2)c2cc(-c3cccc(OC(F)F)c3)ccc2O1,,Agonist activity at human PXR-gamma expressed in HEK293 cells assessed as transcriptional activity in presence of ursolic acid by Gal4-luciferase reporter assay,CHEMBL4839622,CHEMBL3401,10000.0,nM,EC50,True,5.0
CHEMBL4859899,6.017728766960431,6.017728766960431,CCc1c(S(=O)(=O)c2ccc(C(C)(C)C)cc2)nnn1-c1cc(Cl)ccc1OC,6.02,Antagonist activity at human PXR expressed in HepG2 cells co-expressing luciferase gene under control of CYP3A4 promoter incubated for 24 hrs in presence of 5 uM rifampicin by luciferase reporter assay,CHEMBL4834545,CHEMBL3401,960.0,nM,IC50,True,6.017728766960431
CHEMBL4860324,5.0,5.0,COc1cccc(-c2ccc3c(c2)N(S(=O)(=O)c2cccc(C(F)(F)F)c2)C[C@H](CCC(=O)O)O3)c1,,Agonist activity at human PXR-gamma expressed in HEK293 cells assessed as transcriptional activity in presence of ursolic acid by Gal4-luciferase reporter assay,CHEMBL4839622,CHEMBL3401,10000.0,nM,EC50,True,5.0
CHEMBL4861064,5.0,5.0,O=C(O)CC[C@H]1CN(S(=O)(=O)c2cccc(C(F)(F)F)c2)c2cc(-c3cc(F)ccc3Cl)ccc2O1,,Agonist activity at human PXR-gamma expressed in HEK293 cells assessed as transcriptional activity in presence of ursolic acid by Gal4-luciferase reporter assay,CHEMBL4839622,CHEMBL3401,10000.0,nM,EC50,True,5.0
CHEMBL4862004,5.0,5.0,COc1cc(F)cc(-c2ccc3c(c2)N(S(=O)(=O)c2cccc(C(F)(F)F)c2)C[C@H](CCC(=O)O)O3)c1,,Agonist activity at human PXR-gamma expressed in HEK293 cells assessed as transcriptional activity in presence of ursolic acid by Gal4-luciferase reporter assay,CHEMBL4839622,CHEMBL3401,10000.0,nM,EC50,True,5.0
CHEMBL4862913,5.0,5.0,COc1ccccc1/C(C)=C/c1ccc2c(c1)N(S(=O)(=O)c1cccc(C(F)(F)F)c1)C[C@H](CCC(=O)O)O2,,Agonist activity at human PXR-gamma expressed in HEK293 cells assessed as transcriptional activity in presence of ursolic acid by Gal4-luciferase reporter assay,CHEMBL4839622,CHEMBL3401,10000.0,nM,EC50,True,5.0
CHEMBL4863215,7.110924374808178,7.110924374808178,COc1ccc(OC)c(-n2nnc(S(=O)(=O)c3ccc(C(C)(C)C)cc3)c2C)c1,7.62,Inverse agonist activity at human PXR expressed in HepG2 cells co-expressing luciferase gene under control of CYP3A4 promoter incubated for 24 hrs by luciferase reporter assay,CHEMBL4834543,CHEMBL3401,24.0,nM,IC50,True,7.619788758288394
CHEMBL4864871,5.0,5.0,O=C(O)CC[C@H]1CN(S(=O)(=O)c2cccc(C(F)(F)F)c2)c2cc(-c3cc(F)ccc3F)ccc2O1,,Agonist activity at human PXR-gamma expressed in HEK293 cells assessed as transcriptional activity in presence of ursolic acid by Gal4-luciferase reporter assay,CHEMBL4839622,CHEMBL3401,10000.0,nM,EC50,True,5.0
CHEMBL4865225,5.0,5.0,COc1cc(S(=O)(=O)N2C[C@H](CCC(=O)O)Oc3ccc(/C=C(\C)c4c(F)cccc4Cl)cc32)ccc1F,,Agonist activity at human PXR-gamma expressed in HEK293 cells assessed as transcriptional activity in presence of ursolic acid by Gal4-luciferase reporter assay,CHEMBL4839622,CHEMBL3401,10000.0,nM,EC50,True,5.0
CHEMBL4865235,5.0,5.0,Cc1ccc(/C=C/c2ccc3c(c2)N(S(=O)(=O)c2cccc(C(F)(F)F)c2)C[C@H](CCC(=O)O)O3)cc1,,Agonist activity at human PXR-gamma expressed in HEK293 cells assessed as transcriptional activity in presence of ursolic acid by Gal4-luciferase reporter assay,CHEMBL4839622,CHEMBL3401,10000.0,nM,EC50,True,5.0
CHEMBL4865657,5.0,5.0,CC(C)(C[C@H]1CN(S(=O)(=O)c2cccc(C(F)(F)F)c2)c2cc(-c3cc(F)ccc3F)ccc2O1)C(=O)O,,Agonist activity at human PXR-gamma expressed in HEK293 cells assessed as transcriptional activity in presence of ursolic acid by Gal4-luciferase reporter assay,CHEMBL4839622,CHEMBL3401,10000.0,nM,EC50,True,5.0
CHEMBL4865738,5.638272163982407,5.638272163982407,COc1cc(C)c(Cl)cc1-n1nnc(S(=O)(=O)c2ccc(C(C)(C)C)cc2)c1C,5.64,Antagonist activity at human PXR expressed in HepG2 cells co-expressing luciferase gene under control of CYP3A4 promoter incubated for 24 hrs in presence of 5 uM rifampicin by luciferase reporter assay,CHEMBL4834545,CHEMBL3401,2300.0,nM,IC50,True,5.638272163982407
CHEMBL4866161,5.301029995663981,5.301029995663981,C/C(=C\c1ccc2c(c1)N(S(=O)(=O)c1cccc(C(F)(F)F)c1)C[C@H](CCC(=O)O)O2)c1ccccc1C,5.3,Agonist activity at human PXR-gamma expressed in HEK293 cells assessed as transcriptional activity in presence of ursolic acid by Gal4-luciferase reporter assay,CHEMBL4839622,CHEMBL3401,5000.0,nM,EC50,True,5.301029995663981
CHEMBL4868432,5.0,5.0,O=C(O)CC[C@H]1CN(S(=O)(=O)c2cccc(C(F)(F)F)c2)c2cc(/C=C/c3c(F)cccc3Cl)ccc2O1,,Agonist activity at human PXR-gamma expressed in HEK293 cells assessed as transcriptional activity in presence of ursolic acid by Gal4-luciferase reporter assay,CHEMBL4839622,CHEMBL3401,10000.0,nM,EC50,True,5.0
CHEMBL4868437,5.0,5.0,O=C(O)C1(C[C@H]2CN(S(=O)(=O)c3cccc(C(F)(F)F)c3)c3cc(-c4cc(F)ccc4F)ccc3O2)CCOCC1,,Agonist activity at human PXR-gamma expressed in HEK293 cells assessed as transcriptional activity in presence of ursolic acid by Gal4-luciferase reporter assay,CHEMBL4839622,CHEMBL3401,10000.0,nM,EC50,True,5.0
CHEMBL4868679,5.0,5.0,C/C(=C\c1ccc2c(c1)N(S(=O)(=O)c1c(OCCO)nn3c1CCCC3)C[C@H](CCC(=O)O)O2)c1c(F)cccc1Cl,,Agonist activity at human PXR-gamma expressed in HEK293 cells assessed as transcriptional activity in presence of ursolic acid by Gal4-luciferase reporter assay,CHEMBL4839622,CHEMBL3401,10000.0,nM,EC50,True,5.0
CHEMBL4868786,6.154901959985743,6.154901959985743,COc1cc(F)c(C)cc1-n1nnc(S(=O)(=O)c2ccc(C(C)(C)C)cc2)c1C,6.16,Antagonist activity at human PXR expressed in HepG2 cells co-expressing luciferase gene under control of CYP3A4 promoter incubated for 24 hrs in presence of 5 uM rifampicin by luciferase reporter assay,CHEMBL4834545,CHEMBL3401,700.0,nM,IC50,True,6.154901959985743
CHEMBL4868841,6.154901959985743,6.154901959985743,COc1ccc(F)cc1-n1nnc(S(=O)(=O)c2ccc(C(C)(C)C)cc2)c1C,6.16,Antagonist activity at human PXR expressed in HepG2 cells co-expressing luciferase gene under control of CYP3A4 promoter incubated for 24 hrs in presence of 5 uM rifampicin by luciferase reporter assay,CHEMBL4834545,CHEMBL3401,700.0,nM,IC50,True,6.154901959985743
CHEMBL4869462,5.698970004336019,5.698970004336019,COc1cc(-n2nnc(S(=O)(=O)c3ccc(C(C)(C)C)cc3)c2C)c(OC)cc1F,5.7,Antagonist activity at human PXR expressed in HepG2 cells co-expressing luciferase gene under control of CYP3A4 promoter incubated for 24 hrs in presence of 5 uM rifampicin by luciferase reporter assay,CHEMBL4834545,CHEMBL3401,2000.0,nM,IC50,True,5.698970004336019
CHEMBL4869479,5.0,5.0,CC(C)c1ccc(-c2ccc3c(c2)N(S(=O)(=O)c2cccc(C(F)(F)F)c2)C[C@H](CCC(=O)O)O3)cc1,,Agonist activity at human PXR-gamma expressed in HEK293 cells assessed as transcriptional activity in presence of ursolic acid by Gal4-luciferase reporter assay,CHEMBL4839622,CHEMBL3401,10000.0,nM,EC50,True,5.0
CHEMBL4869567,4.886056647693163,4.886056647693163,O=C(O)C1(C[C@H]2CN(S(=O)(=O)c3cccc(C(F)(F)F)c3)c3cc(-c4cc(F)cc(OC(F)F)c4)ccc3O2)CCOCC1,4.89,Agonist activity at human PXR-gamma expressed in HEK293 cells assessed as transcriptional activity in presence of ursolic acid by Gal4-luciferase reporter assay,CHEMBL4839622,CHEMBL3401,13000.0,nM,EC50,True,4.886056647693163
CHEMBL4869913,5.698970004336019,5.698970004336019,COc1cc(Cl)c(C)cc1-n1nnc(S(=O)(=O)c2ccc(C(C)(C)C)cc2)c1C,5.7,Antagonist activity at human PXR expressed in HepG2 cells co-expressing luciferase gene under control of CYP3A4 promoter incubated for 24 hrs in presence of 5 uM rifampicin by luciferase reporter assay,CHEMBL4834545,CHEMBL3401,2000.0,nM,IC50,True,5.698970004336019
CHEMBL4870074,5.0,5.0,C[C@H](C[C@H]1CN(S(=O)(=O)c2cccc(C(F)(F)F)c2)c2cc(-c3cc(F)ccc3F)ccc2O1)C(=O)O,,Agonist activity at human PXR-gamma expressed in HEK293 cells assessed as transcriptional activity in presence of ursolic acid by Gal4-luciferase reporter assay,CHEMBL4839622,CHEMBL3401,10000.0,nM,EC50,True,5.0
CHEMBL4871664,5.356547323513812,5.356547323513812,COc1ccc(Cl)cc1-n1nnc(S(=O)(=O)c2ccc(C(C)(C)C)cc2)c1N,5.36,Antagonist activity at human PXR expressed in HepG2 cells co-expressing luciferase gene under control of CYP3A4 promoter incubated for 24 hrs in presence of 5 uM rifampicin by luciferase reporter assay,CHEMBL4834545,CHEMBL3401,4400.0,nM,IC50,True,5.356547323513812
CHEMBL4871806,6.0,6.0,COc1ccccc1-n1nnc(S(=O)(=O)c2ccc(C(C)(C)C)cc2)c1C,6.0,Antagonist activity at human PXR expressed in HepG2 cells co-expressing luciferase gene under control of CYP3A4 promoter incubated for 24 hrs in presence of 5 uM rifampicin by luciferase reporter assay,CHEMBL4834545,CHEMBL3401,1000.0,nM,IC50,True,6.0
CHEMBL4872624,5.468521082957745,5.468521082957745,COc1cc(C#N)c(Cl)cc1-n1nnc(S(=O)(=O)c2ccc(C(C)(C)C)cc2)c1C,5.47,Antagonist activity at human PXR expressed in HepG2 cells co-expressing luciferase gene under control of CYP3A4 promoter incubated for 24 hrs in presence of 5 uM rifampicin by luciferase reporter assay,CHEMBL4834545,CHEMBL3401,3400.0,nM,IC50,True,5.468521082957745
CHEMBL4873257,5.0,5.0,O=C(O)CC[C@H]1CN(S(=O)(=O)c2cccc(C(F)(F)F)c2)c2cc(-c3cccc(OCCO)c3)ccc2O1,,Agonist activity at human PXR-gamma expressed in HEK293 cells assessed as transcriptional activity in presence of ursolic acid by Gal4-luciferase reporter assay,CHEMBL4839622,CHEMBL3401,10000.0,nM,EC50,True,5.0
CHEMBL4873783,5.173925197299173,5.173925197299173,C/C(=C\c1ccc2c(c1)N(S(=O)(=O)c1ccc(F)c(C3CC3)c1)C[C@H](CCC(=O)O)O2)c1c(F)cccc1Cl,5.17,Agonist activity at human PXR-gamma expressed in HEK293 cells assessed as transcriptional activity in presence of ursolic acid by Gal4-luciferase reporter assay,CHEMBL4839622,CHEMBL3401,6700.0,nM,EC50,True,5.173925197299173
CHEMBL4873947,5.481486060122113,5.481486060122113,COc1ccc(C)cc1-n1nnc(S(=O)(=O)c2ccc(C(C)(C)C)cc2)c1N,5.48,Antagonist activity at human PXR expressed in HepG2 cells co-expressing luciferase gene under control of CYP3A4 promoter incubated for 24 hrs in presence of 5 uM rifampicin by luciferase reporter assay,CHEMBL4834545,CHEMBL3401,3300.0,nM,IC50,True,5.481486060122113
CHEMBL4874083,5.698970004336019,5.698970004336019,COc1ccc(C)cc1-n1nnc(S(=O)(=O)c2ccc(C(C)(C)C)cc2)c1C,5.7,Antagonist activity at human PXR expressed in HepG2 cells co-expressing luciferase gene under control of CYP3A4 promoter incubated for 24 hrs in presence of 5 uM rifampicin by luciferase reporter assay,CHEMBL4834545,CHEMBL3401,2000.0,nM,IC50,True,5.698970004336019
CHEMBL4874524,5.0,5.0,O=C(O)CC[C@H]1CN(S(=O)(=O)c2cccc(C(F)(F)F)c2)c2cc(-c3ccccc3Cl)ccc2O1,,Agonist activity at human PXR-gamma expressed in HEK293 cells assessed as transcriptional activity in presence of ursolic acid by Gal4-luciferase reporter assay,CHEMBL4839622,CHEMBL3401,10000.0,nM,EC50,True,5.0
CHEMBL4874647,5.0,5.0,O=C(O)CC[C@H]1CN(S(=O)(=O)c2cccc(C(F)(F)F)c2)c2cc(-c3cccc(F)c3Cl)ccc2O1,,Agonist activity at human PXR-gamma expressed in HEK293 cells assessed as transcriptional activity in presence of ursolic acid by Gal4-luciferase reporter assay,CHEMBL4839622,CHEMBL3401,10000.0,nM,EC50,True,5.0
CHEMBL4874944,5.221848749616356,5.221848749616356,C/C(=C\c1ccc2c(c1)N(S(=O)(=O)c1ccc(F)c(C(F)(F)F)c1)C[C@H](CCC(=O)O)O2)c1c(F)cccc1Cl,5.22,Agonist activity at human PXR-gamma expressed in HEK293 cells assessed as transcriptional activity in presence of ursolic acid by Gal4-luciferase reporter assay,CHEMBL4839622,CHEMBL3401,6000.0,nM,EC50,True,5.221848749616356
CHEMBL4875312,5.0,5.0,O=C(O)CC[C@H]1CN(S(=O)(=O)c2cccc(C(F)(F)F)c2)c2cc(-c3cc(F)cc(F)c3Cl)ccc2O1,,Agonist activity at human PXR-gamma expressed in HEK293 cells assessed as transcriptional activity in presence of ursolic acid by Gal4-luciferase reporter assay,CHEMBL4839622,CHEMBL3401,10000.0,nM,EC50,True,5.0
CHEMBL4875777,5.0,5.0,O=C(O)[C@H](O)CC[C@H]1CN(S(=O)(=O)c2cccc(C(F)(F)F)c2)c2cc(-c3cc(F)ccc3F)ccc2O1,,Agonist activity at human PXR-gamma expressed in HEK293 cells assessed as transcriptional activity in presence of ursolic acid by Gal4-luciferase reporter assay,CHEMBL4839622,CHEMBL3401,10000.0,nM,EC50,True,5.0
CHEMBL4875869,5.886056647693163,5.886056647693163,COc1cc(Cl)c(Cl)cc1-n1nnc(S(=O)(=O)c2ccc(C(C)(C)C)cc2)c1C,5.89,Antagonist activity at human PXR expressed in HepG2 cells co-expressing luciferase gene under control of CYP3A4 promoter incubated for 24 hrs in presence of 5 uM rifampicin by luciferase reporter assay,CHEMBL4834545,CHEMBL3401,1300.0,nM,IC50,True,5.886056647693163
CHEMBL4878616,5.0,5.0,C/C(=C\c1ccc2c(c1)N(S(=O)(=O)c1cccc(C(F)(F)F)c1)C[C@H](CCC(=O)O)O2)c1ccccc1,,Agonist activity at human PXR-gamma expressed in HEK293 cells assessed as transcriptional activity in presence of ursolic acid by Gal4-luciferase reporter assay,CHEMBL4839622,CHEMBL3401,10000.0,nM,EC50,True,5.0
CHEMBL4878794,6.53863727100337,6.53863727100337,COc1ccc(Cl)cc1-n1nnc(S(=O)(=O)c2ccc(C(C)(C)C)cc2)c1C,6.57,Inverse agonist activity at human PXR expressed in HepG2 cells co-expressing luciferase gene under control of CYP3A4 promoter incubated for 24 hrs by luciferase reporter assay,CHEMBL4834543,CHEMBL3401,270.0,nM,IC50,True,6.568636235841013
CHEMBL4879241,5.0,5.0,C/C(=C\c1ccc2c(c1)N(S(=O)(=O)c1cccc(C(F)(F)F)c1)C[C@H](CCC(=O)O)O2)c1ccccc1Cl,,Agonist activity at human PXR-gamma expressed in HEK293 cells assessed as transcriptional activity in presence of ursolic acid by Gal4-luciferase reporter assay,CHEMBL4839622,CHEMBL3401,10000.0,nM,EC50,True,5.0
CHEMBL5187164,4.3872161432802645,4.3872161432802645,CCc1ccc(-c2nc3cc(NC(=O)c4cc([N+](=O)[O-])ccc4Br)ccc3o2)cc1,4.39,Inverse agonist activity at human PXR expressed in HepG2 cells measured by One-Glo luciferase assay,CHEMBL5113094,CHEMBL3401,41000.0,nM,IC50,True,4.3872161432802645
CHEMBL5198290,4.920818753952375,4.920818753952375,CNC(=O)c1csc(C(=O)c2c[nH]c3ccccc23)n1,4.92,Agonist activity at human PXR transfected in human LS180 cells cotransfected with luciferase reporter plasmid p2A4-Luc assessed as transcriptional activity incubated for 24 hrs by luciferase reporter assay,CHEMBL5164482,CHEMBL3401,12000.0,nM,EC50,True,4.920818753952375
CHEMBL5207130,4.301029995663981,4.301029995663981,CCc1ccc(-c2nc3cc(NC(=O)c4cc([N+](=O)[O-])ccc4Cl)ccc3o2)cc1,,Inverse agonist activity at human PXR expressed in HepG2 cells measured by One-Glo luciferase assay,CHEMBL5113094,CHEMBL3401,50000.0,nM,IC50,True,4.301029995663981
CHEMBL5266231,6.725375721572972,6.725375721572972,CCOc1ccc(C(C)(C)C)cc1NC(=O)c1nnn(-c2cc(OC)ccc2OC)c1C,7.11,Inverse agonist activity at human PXR in human HepG2 cells co-expressing luciferase gene under control of CYP3A4 promoter assessed as inhibition of receptor basal activity incubated for 24 hrs by luminescence based analysis,CHEMBL5239755,CHEMBL3401,77.0,nM,IC50,True,7.113509274827518
CHEMBL5266755,6.371641127011257,6.371641127011257,COc1ccc(OC)c(-n2nnc(C(=O)Nc3ccc(O)c(C(C)(C)C)c3)c2C)c1,6.68,Inverse agonist activity at human PXR in human HepG2 cells co-expressing luciferase gene under control of CYP3A4 promoter assessed as inhibition of receptor basal activity incubated for 24 hrs by luminescence based analysis,CHEMBL5239755,CHEMBL3401,210.0,nM,IC50,True,6.6777807052660805
CHEMBL5266983,6.972693472721556,6.972693472721556,CCCCOc1cc(NC(=O)c2nnn(-c3cc(OC)ccc3OC)c2C)cc(C(C)(C)C)c1,7.27,Inverse agonist activity at human PXR in human HepG2 cells co-expressing luciferase gene under control of CYP3A4 promoter assessed as inhibition of receptor basal activity incubated for 24 hrs by luminescence based analysis,CHEMBL5239755,CHEMBL3401,54.0,nM,IC50,True,7.267606240177032
CHEMBL5267038,6.337242168318426,6.337242168318426,CCCCOc1ccc(C(C)(C)C)cc1NC(=O)c1nnn(-c2cc(OC(F)(F)F)ccc2OC)c1C,6.34,Antagonist activity at human PXR in human HepG2 cells co-expressing luciferase gene under control of CYP3A4 promoter assessed as inhibition in rifampicin-induced receptor activation incubated for 24 hrs by luminescence based analysis,CHEMBL5239757,CHEMBL3401,460.0,nM,IC50,True,6.337242168318426
CHEMBL5267285,5.1243604480083285,5.1243604480083285,COc1ccc(OC)c(-n2nnc(C(=O)Nc3cc(C(C)(C)C)ccc3OCCCN3CCOCC3)c2C)c1,5.33,Inverse agonist activity at human PXR in human HepG2 cells co-expressing luciferase gene under control of CYP3A4 promoter assessed as inhibition of receptor basal activity incubated for 24 hrs by luminescence based analysis,CHEMBL5239755,CHEMBL3401,4700.0,nM,IC50,True,5.327902142064283
CHEMBL5267901,5.617982957425132,5.617982957425132,CCCCOc1ccc(C(C)(C)C)cc1NC(=O)c1nnn(-c2ccccc2)c1C,5.62,Agonist activity at human PXR in human HepG2 cells co-expressing luciferase gene under control of CYP3A4 promoter assessed as transcriptional activation incubated for 24 hrs by luminescence based analysis,CHEMBL5239753,CHEMBL3401,2410.0,nM,EC50,True,5.617982957425132
CHEMBL5268267,5.872363747448347,5.872363747448347,COc1ccc(OC)c(-n2nnc(C(=O)Nc3cc(C(C)(C)C)ccc3NC(=O)OC(C)(C)C)c2C)c1,6.82,Agonist activity at human PXR in human HepG2 cells co-expressing luciferase gene under control of CYP3A4 promoter assessed as transcriptional activation incubated for 24 hrs by luminescence based analysis,CHEMBL5239753,CHEMBL3401,150.0,nM,EC50,True,6.823908740944319
CHEMBL5268870,5.0774509799928715,5.0774509799928715,COc1ccc(OC)c(-n2nnc(C(=O)Nc3cc(C(C)(C)C)ccc3OCCN3CCN(C)CC3)c2C)c1,5.0,Inverse agonist activity at human PXR in human HepG2 cells co-expressing luciferase gene under control of CYP3A4 promoter assessed as inhibition of receptor basal activity incubated for 24 hrs by luminescence based analysis,CHEMBL5239755,CHEMBL3401,10000.0,nM,IC50,True,5.0
CHEMBL5269184,6.045757490560675,6.045757490560675,COc1ccc(OC)c(-n2nnc(C(=O)Nc3cc(C(C)(C)C)ccc3N)c2C)c1,6.05,Agonist activity at human PXR in human HepG2 cells co-expressing luciferase gene under control of CYP3A4 promoter assessed as transcriptional activation incubated for 24 hrs by luminescence based analysis,CHEMBL5239753,CHEMBL3401,900.0,nM,EC50,True,6.045757490560675
CHEMBL5269205,5.75713928675921,5.75713928675921,COc1ccc(OC)c(-n2nnc(C(=O)Nc3cc(C(C)(C)C)ccc3OCCN(C)C)c2C)c1,5.75,Inverse agonist activity at human PXR in human HepG2 cells co-expressing luciferase gene under control of CYP3A4 promoter assessed as inhibition of receptor basal activity incubated for 24 hrs by luminescence based analysis,CHEMBL5239755,CHEMBL3401,1800.0,nM,IC50,True,5.7447274948966935
CHEMBL5269952,5.595557066320094,5.595557066320094,COc1ccc(OC)c(-n2nnc(C(=O)Nc3cc(C(C)(C)C)ccc3OCCN3CCOCC3)c2C)c1,5.85,Inverse agonist activity at human PXR in human HepG2 cells co-expressing luciferase gene under control of CYP3A4 promoter assessed as inhibition of receptor basal activity incubated for 24 hrs by luminescence based analysis,CHEMBL5239755,CHEMBL3401,1400.0,nM,IC50,True,5.853871964321762
CHEMBL5269977,6.920818753952375,6.920818753952375,CCCCOc1ccc(C(C)(C)C)cc1NC(=O)c1nnn(-c2cc(Cl)ccc2OC)c1C,6.92,Antagonist activity at human PXR in human HepG2 cells co-expressing luciferase gene under control of CYP3A4 promoter assessed as inhibition in rifampicin-induced receptor activation incubated for 24 hrs by luminescence based analysis,CHEMBL5239757,CHEMBL3401,120.0,nM,IC50,True,6.920818753952375
CHEMBL5270149,5.552841968657781,5.552841968657781,CCCCOc1ccc(C(C)(C)C)cc1NC(=O)c1nnn(-c2cc(OC)cc(OC)c2)c1C,5.55,Agonist activity at human PXR in human HepG2 cells co-expressing luciferase gene under control of CYP3A4 promoter assessed as transcriptional activation incubated for 24 hrs by luminescence based analysis,CHEMBL5239753,CHEMBL3401,2800.0,nM,EC50,True,5.552841968657781
CHEMBL5270384,6.154901959985743,6.154901959985743,CCCCOc1ccc(C(C)(C)C)cc1NC(=O)c1nnn(-c2cc(C(F)(F)F)ccc2OC)c1C,6.16,Antagonist activity at human PXR in human HepG2 cells co-expressing luciferase gene under control of CYP3A4 promoter assessed as inhibition in rifampicin-induced receptor activation incubated for 24 hrs by luminescence based analysis,CHEMBL5239757,CHEMBL3401,700.0,nM,IC50,True,6.154901959985743
CHEMBL5271121,5.366531544420414,5.366531544420414,CCCCOc1ccc(C(C)(C)C)cc1NC(=O)c1nnn(-c2cccnc2)c1C,5.37,Agonist activity at human PXR in human HepG2 cells co-expressing luciferase gene under control of CYP3A4 promoter assessed as transcriptional activation incubated for 24 hrs by luminescence based analysis,CHEMBL5239753,CHEMBL3401,4300.0,nM,EC50,True,5.366531544420414
CHEMBL5271191,5.455931955649724,5.455931955649724,COc1ccc(OC)c(-n2nnc(C(=O)Nc3cccc(C)c3)c2C)c1,5.46,Agonist activity at human PXR in human HepG2 cells co-expressing luciferase gene under control of CYP3A4 promoter assessed as transcriptional activation incubated for 24 hrs by luminescence based analysis,CHEMBL5239753,CHEMBL3401,3500.0,nM,EC50,True,5.455931955649724
CHEMBL5271698,6.522878745280337,6.522878745280337,CCCCOc1ccc(C(C)(C)C)cc1NC(=O)c1nnn(-c2cc(F)ccc2OC)c1C,6.52,Antagonist activity at human PXR in human HepG2 cells co-expressing luciferase gene under control of CYP3A4 promoter assessed as inhibition in rifampicin-induced receptor activation incubated for 24 hrs by luminescence based analysis,CHEMBL5239757,CHEMBL3401,300.0,nM,IC50,True,6.522878745280337
CHEMBL5271913,6.6243604480083285,6.6243604480083285,COc1ccc(OC)c(-n2nnc(C(=O)Nc3cc(C#N)cc(C(C)(C)C)c3)c2C)c1,6.92,Inverse agonist activity at human PXR in human HepG2 cells co-expressing luciferase gene under control of CYP3A4 promoter assessed as inhibition of receptor basal activity incubated for 24 hrs by luminescence based analysis,CHEMBL5239755,CHEMBL3401,120.0,nM,IC50,True,6.920818753952375
CHEMBL5272707,6.610924374808178,6.610924374808178,COc1cc(NC(=O)c2nnn(-c3cc(OC)ccc3OC)c2C)cc(C(C)(C)C)c1,6.92,Inverse agonist activity at human PXR in human HepG2 cells co-expressing luciferase gene under control of CYP3A4 promoter assessed as inhibition of receptor basal activity incubated for 24 hrs by luminescence based analysis,CHEMBL5239755,CHEMBL3401,120.0,nM,IC50,True,6.920818753952375
CHEMBL5273045,5.8529874529523385,5.8529874529523385,COc1ccc(OC)c(-n2nnc(C(=O)Nc3cccc(C(C)(C)C)c3)c2C)c1,6.32,Inverse agonist activity at human PXR in human HepG2 cells co-expressing luciferase gene under control of CYP3A4 promoter assessed as inhibition of receptor basal activity incubated for 24 hrs by luminescence based analysis,CHEMBL5239755,CHEMBL3401,480.0,nM,IC50,True,6.318758762624412
CHEMBL5273515,6.552841968657781,6.552841968657781,COc1ccc(OC)c(-n2nnc(C(=O)Nc3ccc(N)c(C(C)(C)C)c3)c2C)c1,6.55,Agonist activity at human PXR in human HepG2 cells co-expressing luciferase gene under control of CYP3A4 promoter assessed as transcriptional activation incubated for 24 hrs by luminescence based analysis,CHEMBL5239753,CHEMBL3401,280.0,nM,EC50,True,6.552841968657781
CHEMBL5273565,6.65401744861632,6.65401744861632,CNc1cc(NC(=O)c2nnn(-c3cc(OC)ccc3OC)c2C)cc(C(C)(C)C)c1,6.92,Inverse agonist activity at human PXR in human HepG2 cells co-expressing luciferase gene under control of CYP3A4 promoter assessed as inhibition of receptor basal activity incubated for 24 hrs by luminescence based analysis,CHEMBL5239755,CHEMBL3401,120.0,nM,IC50,True,6.920818753952375
CHEMBL5273985,5.4089353929735005,5.4089353929735005,CCCCNc1ccc(NC(=O)c2nnn(-c3cc(OC)ccc3OC)c2C)cc1C(C)(C)C,5.41,Antagonist activity at human PXR in human HepG2 cells co-expressing luciferase gene under control of CYP3A4 promoter assessed as inhibition in rifampicin-induced receptor activation incubated for 24 hrs by luminescence based analysis,CHEMBL5239757,CHEMBL3401,3900.0,nM,IC50,True,5.4089353929735005
CHEMBL5274653,6.083745543646882,6.083745543646882,COc1ccc(OC)c(-n2nnc(C(=O)Nc3cc(O)cc(C(C)(C)C)c3)c2C)c1,6.47,Inverse agonist activity at human PXR in human HepG2 cells co-expressing luciferase gene under control of CYP3A4 promoter assessed as inhibition of receptor basal activity incubated for 24 hrs by luminescence based analysis,CHEMBL5239755,CHEMBL3401,340.0,nM,IC50,True,6.468521082957745
CHEMBL5274748,7.105350694420279,7.105350694420279,CCC[C@@H](C)Oc1ccc(C(C)(C)C)cc1NC(=O)c1nnn(-c2cc(C)ccc2OC)c1C,8.09,Agonist activity at human PXR in human HepG2 cells co-expressing luciferase gene under control of CYP3A4 promoter assessed as transcriptional activation incubated for 24 hrs by luminescence based analysis,CHEMBL5239753,CHEMBL3401,8.1,nM,EC50,True,8.09151498112135
CHEMBL5274800,7.130768280269024,7.130768280269024,CCCCOc1ccc(C(C)(C)C)cc1NC(=O)c1nnn(-c2cc(C)ccc2OC)c1C,7.13,Antagonist activity at human PXR in human HepG2 cells co-expressing luciferase gene under control of CYP3A4 promoter assessed as inhibition in rifampicin-induced receptor activation incubated for 24 hrs by luminescence based analysis,CHEMBL5239757,CHEMBL3401,74.0,nM,IC50,True,7.130768280269024
CHEMBL5274837,5.380475453429904,5.380475453429904,COc1ccc(OC)c(-n2nnc(C(=O)Nc3cc(C(C)(C)C)ccc3OCCCCO)c2C)c1,5.29,Inverse agonist activity at human PXR in human HepG2 cells co-expressing luciferase gene under control of CYP3A4 promoter assessed as inhibition of receptor basal activity incubated for 24 hrs by luminescence based analysis,CHEMBL5239755,CHEMBL3401,5100.0,nM,IC50,True,5.292429823902063
CHEMBL5275510,5.698970004336019,5.698970004336019,COc1ccc(OC)c(-n2nnc(C(=O)Nc3ccc(NC(C)=O)c(C(C)(C)C)c3)c2C)c1,5.7,Agonist activity at human PXR in human HepG2 cells co-expressing luciferase gene under control of CYP3A4 promoter assessed as transcriptional activation incubated for 24 hrs by luminescence based analysis,CHEMBL5239753,CHEMBL3401,2000.0,nM,EC50,True,5.698970004336019
CHEMBL5275863,4.585026652029182,4.585026652029182,COc1ccc(OC)c(-n2nnc(C(=O)Nc3cccc(N4CCCCC4)c3)c2C)c1,4.58,Inverse agonist activity at human PXR in human HepG2 cells co-expressing luciferase gene under control of CYP3A4 promoter assessed as inhibition of receptor basal activity incubated for 24 hrs by luminescence based analysis,CHEMBL5239755,CHEMBL3401,26000.0,nM,IC50,True,4.585026652029182
CHEMBL5276093,4.991399828238082,4.991399828238082,COc1ccc(OC)c(-n2nnc(C(=O)Nc3nc4ccccc4n3C)c2C)c1,4.99,Agonist activity at human PXR in human HepG2 cells co-expressing luciferase gene under control of CYP3A4 promoter assessed as transcriptional activation incubated for 24 hrs by luminescence based analysis,CHEMBL5239753,CHEMBL3401,10200.0,nM,EC50,True,4.991399828238082
CHEMBL5276468,7.119788758288394,7.119788758288394,CCCCOc1ccc(C(C)(C)C)cc1NC(=O)c1nnn(-c2cc(OC)ccc2OC)c1C,7.62,Inverse agonist activity at human PXR in human HepG2 cells co-expressing luciferase gene under control of CYP3A4 promoter assessed as inhibition of receptor basal activity incubated for 24 hrs by luminescence based analysis,CHEMBL5239755,CHEMBL3401,24.0,nM,IC50,True,7.619788758288394
CHEMBL5276535,7.066856330457902,7.066856330457902,COc1ccc(OC)c(-n2nnc(C(=O)Nc3cc(C(C)(C)C)cc(C(C)(C)C)c3)c2C)c1,7.31,Inverse agonist activity at human PXR in human HepG2 cells co-expressing luciferase gene under control of CYP3A4 promoter assessed as inhibition of receptor basal activity incubated for 24 hrs by luminescence based analysis,CHEMBL5239755,CHEMBL3401,49.0,nM,IC50,True,7.309803919971486
CHEMBL5276676,5.3872161432802645,5.3872161432802645,CCCCOc1ccc(C(C)(C)C)cc1NC(=O)c1nnn(-c2ccc(OC)cc2OC)c1C,5.39,Agonist activity at human PXR in human HepG2 cells co-expressing luciferase gene under control of CYP3A4 promoter assessed as transcriptional activation incubated for 24 hrs by luminescence based analysis,CHEMBL5239753,CHEMBL3401,4100.0,nM,EC50,True,5.3872161432802645
CHEMBL5276688,4.866649016557956,4.866649016557956,COc1ccc(OC)c(-n2nnc(C(=O)Nc3cccc(N4CCCC4)c3)c2C)c1,5.06,Inverse agonist activity at human PXR in human HepG2 cells co-expressing luciferase gene under control of CYP3A4 promoter assessed as inhibition of receptor basal activity incubated for 24 hrs by luminescence based analysis,CHEMBL5239755,CHEMBL3401,8800.0,nM,IC50,True,5.055517327849831
CHEMBL5276751,5.315763580779819,5.315763580779819,CCCCOc1ccc(NC(=O)c2nnn(-c3cc(OC)ccc3OC)c2C)cc1C(C)(C)C,5.5,Inverse agonist activity at human PXR in human HepG2 cells co-expressing luciferase gene under control of CYP3A4 promoter assessed as inhibition of receptor basal activity incubated for 24 hrs by luminescence based analysis,CHEMBL5239755,CHEMBL3401,3200.0,nM,IC50,True,5.494850021680094
CHEMBL5276756,5.684531940467904,5.684531940467904,COc1ccc(OC)c(-n2nnc(C(=O)Nc3ccc(N(C)C)c(C(C)(C)C)c3)c2C)c1,6.24,Agonist activity at human PXR in human HepG2 cells co-expressing luciferase gene under control of CYP3A4 promoter assessed as transcriptional activation incubated for 24 hrs by luminescence based analysis,CHEMBL5239753,CHEMBL3401,570.0,nM,EC50,True,6.2441251443275085
CHEMBL5277006,6.920818753952375,6.920818753952375,CCC[C@@H](C)Oc1ccc(C(C)(C)C)cc1NC(=O)c1nnn(-c2cc(Cl)ccc2OC)c1C,6.92,Antagonist activity at human PXR in human HepG2 cells co-expressing luciferase gene under control of CYP3A4 promoter assessed as inhibition in rifampicin-induced receptor activation incubated for 24 hrs by luminescence based analysis,CHEMBL5239757,CHEMBL3401,120.0,nM,IC50,True,6.920818753952375
CHEMBL5277096,4.667561540084395,4.667561540084395,COc1ccc(OC)c(-n2nnc(C(=O)Nc3cc(-c4nnn[nH]4)cc(C(C)(C)C)c3)c2C)c1,4.67,Inverse agonist activity at human PXR in human HepG2 cells co-expressing luciferase gene under control of CYP3A4 promoter assessed as inhibition of receptor basal activity incubated for 24 hrs by luminescence based analysis,CHEMBL5239755,CHEMBL3401,21500.0,nM,IC50,True,4.667561540084395
CHEMBL5277255,8.045757490560675,8.045757490560675,CCC[C@H](C)Oc1ccc(C(C)(C)C)cc1NC(=O)c1nnn(-c2cc(C)ccc2OC)c1C,8.05,Antagonist activity at human PXR in human HepG2 cells co-expressing luciferase gene under control of CYP3A4 promoter assessed as inhibition in rifampicin-induced receptor activation incubated for 24 hrs by luminescence based analysis,CHEMBL5239757,CHEMBL3401,9.0,nM,IC50,True,8.045757490560675
CHEMBL5277418,4.468521082957745,4.468521082957745,COc1ccc(OC)c(-n2nnc(C(=O)Nc3ccc(C(C)(C)C)cc3)c2C)c1,4.47,Antagonist activity at human PXR in human HepG2 cells co-expressing luciferase gene under control of CYP3A4 promoter assessed as inhibition in rifampicin-induced receptor activation incubated for 24 hrs by luminescence based analysis,CHEMBL5239757,CHEMBL3401,34000.0,nM,IC50,True,4.468521082957745
CHEMBL5277482,6.988168040901103,6.988168040901103,CCCCCCOc1ccc(C(C)(C)C)cc1NC(=O)c1nnn(-c2cc(OC)ccc2OC)c1C,7.36,Inverse agonist activity at human PXR in human HepG2 cells co-expressing luciferase gene under control of CYP3A4 promoter assessed as inhibition of receptor basal activity incubated for 24 hrs by luminescence based analysis,CHEMBL5239755,CHEMBL3401,44.0,nM,IC50,True,7.356547323513812
CHEMBL5277556,4.6020599913279625,4.6020599913279625,COc1ccc(OC)c(-n2nnc(C(=O)Nc3ccccc3)c2C)c1,4.6,Agonist activity at human PXR in human HepG2 cells co-expressing luciferase gene under control of CYP3A4 promoter assessed as transcriptional activation incubated for 24 hrs by luminescence based analysis,CHEMBL5239753,CHEMBL3401,25000.0,nM,EC50,True,4.6020599913279625
CHEMBL5277595,6.523845995168937,6.523845995168937,COc1ccc(OC)c(-n2nnc(C(=O)Nc3cc(Br)cc(C(C)(C)C)c3)c2C)c1,6.85,Inverse agonist activity at human PXR in human HepG2 cells co-expressing luciferase gene under control of CYP3A4 promoter assessed as inhibition of receptor basal activity incubated for 24 hrs by luminescence based analysis,CHEMBL5239755,CHEMBL3401,140.0,nM,IC50,True,6.853871964321762
CHEMBL5277632,7.147496020333332,7.147496020333332,CCCCNc1cc(NC(=O)c2nnn(-c3cc(OC)ccc3OC)c2C)cc(C(C)(C)C)c1,7.41,Inverse agonist activity at human PXR in human HepG2 cells co-expressing luciferase gene under control of CYP3A4 promoter assessed as inhibition of receptor basal activity incubated for 24 hrs by luminescence based analysis,CHEMBL5239755,CHEMBL3401,39.0,nM,IC50,True,7.4089353929735005
CHEMBL5278057,6.0,6.0,CCCCOc1ccc(C(C)(C)C)cc1NC(=O)c1nnn(-c2cccc(OC)c2OC)c1C,6.0,Agonist activity at human PXR in human HepG2 cells co-expressing luciferase gene under control of CYP3A4 promoter assessed as transcriptional activation incubated for 24 hrs by luminescence based analysis,CHEMBL5239753,CHEMBL3401,1000.0,nM,EC50,True,6.0
CHEMBL5278206,5.8297382846050425,5.8297382846050425,CCCCOc1ccc(C(C)(C)C)cc1NC(=O)c1nnn(-c2cc(OC)ccc2F)c1C,5.83,Agonist activity at human PXR in human HepG2 cells co-expressing luciferase gene under control of CYP3A4 promoter assessed as transcriptional activation incubated for 24 hrs by luminescence based analysis,CHEMBL5239753,CHEMBL3401,1480.0,nM,EC50,True,5.8297382846050425
CHEMBL5279641,5.686829816312478,5.686829816312478,CNc1ccc(NC(=O)c2nnn(-c3cc(OC)ccc3OC)c2C)cc1C(C)(C)C,6.52,Agonist activity at human PXR in human HepG2 cells co-expressing luciferase gene under control of CYP3A4 promoter assessed as transcriptional activation incubated for 24 hrs by luminescence based analysis,CHEMBL5239753,CHEMBL3401,300.0,nM,EC50,True,6.522878745280337
CHEMBL5279796,6.1386830387330935,6.1386830387330935,COc1ccc(OC)c(-n2nnc(C(=O)Nc3cc(B4OC(C)(C)C(C)(C)O4)cc(C(C)(C)C)c3)c2C)c1,6.48,Inverse agonist activity at human PXR in human HepG2 cells co-expressing luciferase gene under control of CYP3A4 promoter assessed as inhibition of receptor basal activity incubated for 24 hrs by luminescence based analysis,CHEMBL5239755,CHEMBL3401,330.0,nM,IC50,True,6.481486060122113
CHEMBL5279980,5.7447274948966935,5.7447274948966935,COc1ccc(OC)c(-n2nnc(C(=O)Nc3cc(C(C)(C)C)ccc3OC)c2C)c1,5.75,Antagonist activity at human PXR in human HepG2 cells co-expressing luciferase gene under control of CYP3A4 promoter assessed as inhibition in rifampicin-induced receptor activation incubated for 24 hrs by luminescence based analysis,CHEMBL5239757,CHEMBL3401,1800.0,nM,IC50,True,5.7447274948966935
CHEMBL5280042,6.358349385648225,6.358349385648225,CCCCOc1ccc(C(C)(C)C)cc1NC(=O)c1nnn(-c2ccccc2OC)c1C,6.32,Agonist activity at human PXR in human HepG2 cells co-expressing luciferase gene under control of CYP3A4 promoter assessed as transcriptional activation incubated for 24 hrs by luminescence based analysis,CHEMBL5239753,CHEMBL3401,480.0,nM,EC50,True,6.318758762624412
CHEMBL5280444,5.326823512774681,5.326823512774681,COc1ccc(OC)c(-n2nnc(C(=O)Nc3ccccc3C(C)(C)C)c2C)c1,6.13,Agonist activity at human PXR in human HepG2 cells co-expressing luciferase gene under control of CYP3A4 promoter assessed as transcriptional activation incubated for 24 hrs by luminescence based analysis,CHEMBL5239753,CHEMBL3401,740.0,nM,EC50,True,6.130768280269024
CHEMBL5281952,8.161150909262744,8.161150909262744,CCCC(C)Oc1ccc(C(C)(C)C)cc1NC(=O)c1nnn(-c2cc(C)ccc2OC)c1C,8.16,Antagonist activity at human PXR in human HepG2 cells co-expressing luciferase gene under control of CYP3A4 promoter assessed as inhibition in rifampicin-induced receptor activation incubated for 24 hrs by luminescence based analysis,CHEMBL5239757,CHEMBL3401,6.9,nM,IC50,True,8.161150909262744
CHEMBL5282848,7.422331981267469,7.422331981267469,CCC(C)COc1ccc(C(C)(C)C)cc1NC(=O)c1nnn(-c2cc(OC)ccc2OC)c1C,7.89,Inverse agonist activity at human PXR in human HepG2 cells co-expressing luciferase gene under control of CYP3A4 promoter assessed as inhibition of receptor basal activity incubated for 24 hrs by luminescence based analysis,CHEMBL5239755,CHEMBL3401,13.0,nM,IC50,True,7.886056647693163
CHEMBL5283855,5.356547323513812,5.356547323513812,CCCCOc1ccc(C(C)(C)C)cc1NC(=O)c1nnn(-c2ccc(OC)c(OC)c2)c1C,5.36,Agonist activity at human PXR in human HepG2 cells co-expressing luciferase gene under control of CYP3A4 promoter assessed as transcriptional activation incubated for 24 hrs by luminescence based analysis,CHEMBL5239753,CHEMBL3401,4400.0,nM,EC50,True,5.356547323513812
CHEMBL5284102,7.387345359137068,7.387345359137068,COc1ccc(OC)c(-n2nnc(C(=O)Nc3cc(-c4ccccc4)cc(C(C)(C)C)c3)c2C)c1,7.85,Inverse agonist activity at human PXR in human HepG2 cells co-expressing luciferase gene under control of CYP3A4 promoter assessed as inhibition of receptor basal activity incubated for 24 hrs by luminescence based analysis,CHEMBL5239755,CHEMBL3401,14.0,nM,IC50,True,7.853871964321762
CHEMBL5284539,8.426935982160881,8.426935982160881,CCC[C@H](C)Oc1ccc(C(C)(C)C)cc1NC(=O)c1nnn(-c2cc(OC)ccc2OC)c1C,9.0,Inverse agonist activity at human PXR in human HepG2 cells co-expressing luciferase gene under control of CYP3A4 promoter assessed as inhibition of receptor basal activity incubated for 24 hrs by luminescence based analysis,CHEMBL5239755,CHEMBL3401,1.0,nM,IC50,True,9.0
CHEMBL5285078,6.00436480540245,6.00436480540245,COc1ccc(OC)c(-n2nnc(C(=O)Nc3cc(C(C)(C)C)ccc3NC(C)=O)c2C)c1,6.0,Agonist activity at human PXR in human HepG2 cells co-expressing luciferase gene under control of CYP3A4 promoter assessed as transcriptional activation incubated for 24 hrs by luminescence based analysis,CHEMBL5239753,CHEMBL3401,990.0,nM,EC50,True,6.00436480540245
CHEMBL5285451,7.7447274948966935,7.7447274948966935,CCC[C@H](C)Oc1ccc(C(C)(C)C)cc1NC(=O)c1nnn(-c2cc(Cl)ccc2OC)c1C,7.75,Antagonist activity at human PXR in human HepG2 cells co-expressing luciferase gene under control of CYP3A4 promoter assessed as inhibition in rifampicin-induced receptor activation incubated for 24 hrs by luminescence based analysis,CHEMBL5239757,CHEMBL3401,18.0,nM,IC50,True,7.7447274948966935
CHEMBL5286475,5.779891911959945,5.779891911959945,CCCCOc1ccc(C(C)(C)C)cc1NC(=O)c1nnn(-c2cc(OC)ccc2C)c1C,5.78,Agonist activity at human PXR in human HepG2 cells co-expressing luciferase gene under control of CYP3A4 promoter assessed as transcriptional activation incubated for 24 hrs by luminescence based analysis,CHEMBL5239753,CHEMBL3401,1660.0,nM,EC50,True,5.779891911959945
CHEMBL5286479,5.09663874846191,5.09663874846191,COc1ccc(OC)c(-n2nnc(C(=O)Nc3cc(C(C)(C)C)ccc3OCCCN(C)C)c2C)c1,5.05,Inverse agonist activity at human PXR in human HepG2 cells co-expressing luciferase gene under control of CYP3A4 promoter assessed as inhibition of receptor basal activity incubated for 24 hrs by luminescence based analysis,CHEMBL5239755,CHEMBL3401,8900.0,nM,IC50,True,5.050609993355087
CHEMBL5286515,8.324875990832918,8.324875990832918,CCCC(C)Oc1ccc(C(C)(C)C)cc1NC(=O)c1nnn(-c2cc(OC)ccc2OC)c1C,8.8,Inverse agonist activity at human PXR in human HepG2 cells co-expressing luciferase gene under control of CYP3A4 promoter assessed as inhibition of receptor basal activity incubated for 24 hrs by luminescence based analysis,CHEMBL5239755,CHEMBL3401,1.6,nM,IC50,True,8.795880017344075
CHEMBL5286721,6.356547323513812,6.356547323513812,CCCCOc1ccc(C(C)(C)C)cc1NC(=O)c1nnn(-c2cccnc2OC)c1C,6.36,Antagonist activity at human PXR in human HepG2 cells co-expressing luciferase gene under control of CYP3A4 promoter assessed as inhibition in rifampicin-induced receptor activation incubated for 24 hrs by luminescence based analysis,CHEMBL5239757,CHEMBL3401,440.0,nM,IC50,True,6.356547323513812
CHEMBL5286999,7.33889035263304,7.33889035263304,CCC[C@@H](C)Oc1ccc(C(C)(C)C)cc1NC(=O)c1nnn(-c2cc(OC)ccc2OC)c1C,7.85,Inverse agonist activity at human PXR in human HepG2 cells co-expressing luciferase gene under control of CYP3A4 promoter assessed as inhibition of receptor basal activity incubated for 24 hrs by luminescence based analysis,CHEMBL5239755,CHEMBL3401,14.0,nM,IC50,True,7.853871964321762
CHEMBL5287048,6.119036080789735,6.119036080789735,COc1ccc(OC)c(-n2nnc(C(=O)Nc3ccc(OC)c(C(C)(C)C)c3)c2C)c1,6.47,Inverse agonist activity at human PXR in human HepG2 cells co-expressing luciferase gene under control of CYP3A4 promoter assessed as inhibition of receptor basal activity incubated for 24 hrs by luminescence based analysis,CHEMBL5239755,CHEMBL3401,340.0,nM,IC50,True,6.468521082957745
CHEMBL5287193,5.420818753952375,5.420818753952375,COc1ccc(OC)c(-n2nnc(C(=O)Nc3cccc(C(C)C)c3)c2C)c1,5.52,Inverse agonist activity at human PXR in human HepG2 cells co-expressing luciferase gene under control of CYP3A4 promoter assessed as inhibition of receptor basal activity incubated for 24 hrs by luminescence based analysis,CHEMBL5239755,CHEMBL3401,3000.0,nM,IC50,True,5.522878745280337
CHEMBL5287237,6.230713133096572,6.230713133096572,CCCCOc1ccc(C(C)(C)C)cc1NC(=O)c1nnn(-c2c(OC)cccc2OC)c1C,6.62,Agonist activity at human PXR in human HepG2 cells co-expressing luciferase gene under control of CYP3A4 promoter assessed as transcriptional activation incubated for 24 hrs by luminescence based analysis,CHEMBL5239753,CHEMBL3401,240.0,nM,EC50,True,6.619788758288394
CHEMBL5287498,5.337242168318426,5.337242168318426,CCCCOc1ccc(C(C)(C)C)cc1NC(=O)c1nnn(-c2ccc3c(c2)OCO3)c1C,5.34,Agonist activity at human PXR in human HepG2 cells co-expressing luciferase gene under control of CYP3A4 promoter assessed as transcriptional activation incubated for 24 hrs by luminescence based analysis,CHEMBL5239753,CHEMBL3401,4600.0,nM,EC50,True,5.337242168318426
CHEMBL5287648,6.007062321345803,6.007062321345803,CCCCCCCCOc1ccc(C(C)(C)C)cc1NC(=O)c1nnn(-c2cc(OC)ccc2OC)c1C,6.36,Inverse agonist activity at human PXR in human HepG2 cells co-expressing luciferase gene under control of CYP3A4 promoter assessed as inhibition of receptor basal activity incubated for 24 hrs by luminescence based analysis,CHEMBL5239755,CHEMBL3401,440.0,nM,IC50,True,6.356547323513812
CHEMBL5287939,6.71356419889976,6.71356419889976,COc1ccc(OC)c(-n2nnc(C(=O)Nc3cc(N(C)C)cc(C(C)(C)C)c3)c2C)c1,6.96,Inverse agonist activity at human PXR in human HepG2 cells co-expressing luciferase gene under control of CYP3A4 promoter assessed as inhibition of receptor basal activity incubated for 24 hrs by luminescence based analysis,CHEMBL5239755,CHEMBL3401,110.0,nM,IC50,True,6.958607314841775
CHEMBL5288280,6.989405350465031,6.989405350465031,COc1ccc(OC)c(-n2nnc(C(=O)Nc3cc(C(C)(C)C)ccc3OCCC(C)C)c2C)c1,7.38,Inverse agonist activity at human PXR in human HepG2 cells co-expressing luciferase gene under control of CYP3A4 promoter assessed as inhibition of receptor basal activity incubated for 24 hrs by luminescence based analysis,CHEMBL5239755,CHEMBL3401,42.0,nM,IC50,True,7.376750709602099
CHEMBL5288604,5.523603778477954,5.523603778477954,COc1ccc(OC)c(-n2nnc(C(=O)Nc3cc(N)cc(C(C)(C)C)c3)c2C)c1,5.64,Inverse agonist activity at human PXR in human HepG2 cells co-expressing luciferase gene under control of CYP3A4 promoter assessed as inhibition of receptor basal activity incubated for 24 hrs by luminescence based analysis,CHEMBL5239755,CHEMBL3401,2300.0,nM,IC50,True,5.638272163982407
CHEMBL5288757,7.022156124843248,7.022156124843248,CCCCCOc1ccc(C(C)(C)C)cc1NC(=O)c1nnn(-c2cc(OC)ccc2OC)c1C,7.37,Inverse agonist activity at human PXR in human HepG2 cells co-expressing luciferase gene under control of CYP3A4 promoter assessed as inhibition of receptor basal activity incubated for 24 hrs by luminescence based analysis,CHEMBL5239755,CHEMBL3401,43.0,nM,IC50,True,7.366531544420414
CHEMBL5289489,6.515758525723033,6.515758525723033,CCCCN(CCCC)c1cc(NC(=O)c2nnn(-c3cc(OC)ccc3OC)c2C)cc(C(C)(C)C)c1,6.82,Inverse agonist activity at human PXR in human HepG2 cells co-expressing luciferase gene under control of CYP3A4 promoter assessed as inhibition of receptor basal activity incubated for 24 hrs by luminescence based analysis,CHEMBL5239755,CHEMBL3401,150.0,nM,IC50,True,6.823908740944319
CHEMBL5289648,5.886056647693163,5.886056647693163,COc1ccc(OC)c(-n2nnc(C(=O)Nc3cc(C(C)(C)C)ccc3OCC#N)c2C)c1,5.89,Antagonist activity at human PXR in human HepG2 cells co-expressing luciferase gene under control of CYP3A4 promoter assessed as inhibition in rifampicin-induced receptor activation incubated for 24 hrs by luminescence based analysis,CHEMBL5239757,CHEMBL3401,1300.0,nM,IC50,True,5.886056647693163
CHEMBL5289969,7.823908740944319,7.823908740944319,CCCC(C)Oc1ccc(C(C)(C)C)cc1NC(=O)c1nnn(-c2cc(Cl)ccc2OC)c1C,7.82,Antagonist activity at human PXR in human HepG2 cells co-expressing luciferase gene under control of CYP3A4 promoter assessed as inhibition in rifampicin-induced receptor activation incubated for 24 hrs by luminescence based analysis,CHEMBL5239757,CHEMBL3401,15.0,nM,IC50,True,7.823908740944319
CHEMBL5290088,7.594011527831523,7.594011527831523,CCCCOc1ccc(C(C)(C)C)cc1NC(=O)c1nnn(-c2cc(Br)ccc2OC)c1C,8.16,Inverse agonist activity at human PXR in human HepG2 cells co-expressing luciferase gene under control of CYP3A4 promoter assessed as inhibition of receptor basal activity incubated for 24 hrs by luminescence based analysis,CHEMBL5239755,CHEMBL3401,6.9,nM,IC50,True,8.161150909262744
CHEMBL5290246,5.431798275933005,5.431798275933005,CCCCOc1ccc(C(C)(C)C)cc1NC(=O)c1nnn(-c2cccc(OC)c2)c1C,5.43,Agonist activity at human PXR in human HepG2 cells co-expressing luciferase gene under control of CYP3A4 promoter assessed as transcriptional activation incubated for 24 hrs by luminescence based analysis,CHEMBL5239753,CHEMBL3401,3700.0,nM,EC50,True,5.431798275933005
CHEMBL5291207,6.906239639581768,6.906239639581768,CCCOc1ccc(C(C)(C)C)cc1NC(=O)c1nnn(-c2cc(OC)ccc2OC)c1C,7.26,Inverse agonist activity at human PXR in human HepG2 cells co-expressing luciferase gene under control of CYP3A4 promoter assessed as inhibition of receptor basal activity incubated for 24 hrs by luminescence based analysis,CHEMBL5239755,CHEMBL3401,55.0,nM,IC50,True,7.259637310505756
CHEMBL5316222,7.1479247415801,7.1479247415801,COc1ccc(OC)c(-n2nnc(S(=O)(=O)Nc3ccc(C(C)(C)C)cc3)c2C)c1,7.66,Inverse agonist activity at human PXR in human HepG2 cells co-expressing luciferase gene under control of CYP3A4 promoter assessed as inhibition of receptor basal activity incubated for 24 hrs by luminescence based analysis,CHEMBL5239755,CHEMBL3401,22.0,nM,IC50,True,7.657577319177793
CHEMBL62136,6.977717496342033,6.920818753952375,O=S(=O)(c1ccccc1)N(CC(F)(F)F)c1ccc(C(O)(C(F)(F)F)C(F)(F)F)cc1,7.44,Agonist activity at GAL4-fused human PXR expressed in HEK293T cells assessed as activation of basal transcriptional activity after 20 hrs by dual-glo luciferase reporter gene assay,CHEMBL3097478,CHEMBL3401,36.0,nM,EC50,True,7.443697499232712
CHEMBL81,4.931443104927637,4.931443104927637,O=C(c1ccc(OCCN2CCCCC2)cc1)c1c(-c2ccc(O)cc2)sc2cc(O)ccc12,4.93,Agonist activity at PXR (unknown origin) expressed in human HepG2 cells assessed as induction of CYP3A4 transactivation after 16 hrs by luciferase reporter gene assay,CHEMBL2399371,CHEMBL3401,11710.0,nM,EC50,True,4.931443104927637
CHEMBL998,5.522878745280337,5.522878745280337,CCOC(=O)N1CCC(=C2c3ccc(Cl)cc3CCc3cccnc32)CC1,5.52,Agonist activity at PXR (unknown origin) expressed in human HepG2 cells assessed as induction of CYP3A4 transactivation after 16 hrs by luciferase reporter gene assay,CHEMBL2399371,CHEMBL3401,3000.0,nM,EC50,True,5.522878745280337
